A/swine/Iowa/A01480656/2014,QKLPGSDNSMATLCLGHHAVPNGTLVKTITDDQIEVTNATELVQSSSTGRICNSPHQILDGKNCTLIDALLGDPHCDDFQNKEWDLFVERSTAYSNCYPYYVPDYATLRSLVASSGNLEFTQESFNWTGVAQDGSSYACRRGSVKSFFSRLNWLYNLNYKYPEQNVTMPNNDKFDKLYIWGVHHPGTDKDQTNLYVQASGRVIVSTKRSQQTVIPNIGSRPWVRGVSSIISIYWTIVKPGDILLINSTGNLIAPRGYFKIQSGKSSIMRSDAHIDECNSECITPNGSISNDKPFQNVNKITYGACPRYVKQNTLKLATGMRNVPEKQTR
A01728784|2016-01-04|cluster_IVA,QKLPVSDNSMATLCLGHHAVPNGTLVKTITDDQIEVTNATELVQNSSTGRICNSPHQILDGKNCTLIDALLGDPHCDDFQNKEWDLFVERSTAYSNCYPYYVPDYATLRSLVASSGNLEFTQESFNWTGVAQDGSSFACRRGSVKSFFSRLNWLYNLNSRYPEQNVTMPNNDKFDKLYIWGVHHPGTDKDQIYLYAQAPGRVIVSTKRSQQTVIPNIGSRPWVRGVSSIISIYWTIVKPGDMLLINSTGNLIAPRGYFKIKSGKSSIMRSDAHIDECNSECITPNGSISNDKPFQNVNKITYGACPRYVKQNTLKLATGMRNVPEKQTR
A01729044|2016-01-07|cluster_IVA,QKLPGSDNSMATLCLGHHAVPNGTLVKTITDDQIEVTNATELVQSSSTGRICNSPHQILDGKNCTLIDALLGDPHCDDFQNKKWDLFVERSTAYSNCYPYYVPDYATLRSLIASSGNLEFTQESFNWTGVAQDGSSYACRRGSVKSFFSRLNWLYNLNYKYPEQNVIMPNNDKFDKLYIWGVHHPGTDKDQTNLYVQASGRVIVSTKRSQQTVIPNIGSXPWVRGVSSIISIYWTIVKPGDILLINSTGNLIAPRGYFKIQSGKSSIMRSDAHIDECNSECITPNGSIPNDKPFQNVNKITYGACPRFVKQKTLKLATGMRNVPEKQTR
A01729047|2016-01-07|cluster_IVA,QKLPESDNSMATLCLGHHAVPNGTLVKTITDDQIEVTNATELVQSSSTDRICNSPHQILDGKNCTLIDALLGDPHCDDFQNKKWDLFVE*STAYSNCYPYYVPDYATLRSLIASSGNLEFTQESFNWTGVAQDGSSYACRRGSVNSFFSRLNWLYNLNYKYPEQNVTMPNNDKFDKLYIWGVHHPSTDKDQTNLYVQASGRVIVSTKRSQQTVSPNIGSRPWVRGVSSIISIYWTIVKPGDILLINSTGNLIAPRGYFKILSGKSSIMRSDAHIDECNSECITPNGSIPNDKPFQNVNKITYGACPRYVKQNTLKLATGMRNVPEKQTR
A01729543|2016-01-14|cluster_IVA,QKLPGSDNSMATLCLGHHAVPNGTLVKTLTDDQIEVTNATELVQSSSTGRICNSPHQILDGKNCTLIDALLGDPHCDDFQNKEWDLFVERSTAYSNCYPYYVPDYATLRSIVASSGSLEFTQESFNWTGVSQDGSSHACRRGSVKSFFSRLNWLYNLNYKYPEQNVTMPNNDKFDKLYIWGVHHPGTDKDQTNLYVQASGRVIVSTKRGQQTVIPSIGSRPWVKGVSSIISIYWTIVKPGDILVINSTGNLIAPRGYFKIQSGKSSIMRSDAHIDECNSECITPNGSISNDKPFQNVNKITYGACPRYVKQNTLKLATGMRNVPEKQTR
A01729547|2016-01-14|cluster_IVA,QKLPGGDNSMATLCLGHHAVPNGTLVKTITDDQIEVTNATELVQSSSTGRICNSPHQILDGKNCTLIDALLGDPHCDEFQNKKWDLFVERSTAYSNCYPYYVPDYATLRSLVASSGNLEFTQESFNWTGIAQDGSSYACKRGSGNSFFSRLNWLYKLNYKYPEQNVTMPNNDKFDKLYIWGVHHPGTDSDQTSLYVQASGKVIVSTKRSQQTVIPNIGSRPWVRGVSSIISIYWTIVKPGDILLINSTGNLIAPRGYFKIQNGKSSIMRSDAHIDECNSECITPNGSISNDKPFQNVNKITYGACPRYIKQNTLKLATGMRNVPEKQTR
A01729658|2016-01-15|cluster_IVA,QNPPGSDNNMATLCLGHHSVPNGTLVKTITDDQIEVTNATELVQSSSTGRICNSPHQILDGKNCTLIDALLGDPHCDDFQNKEWDLFVERSTAYSNCYPYYVPDYATLRSLVASSGNLAFTQENFNWTGVAQDGSSYACRRGSVNSFFSRLNWLYNLNYKYPEQNVTMPNNDKFDKLYIWGVHHPGTDKDQTNLYVQASGRVIVSTKRSQQAVIPNIGSRPWIRGVSSIISIYWTIVKPGDILLINSTGNLIAPRGYFKIQSGKSSIMRSDAHIDECNSECITPNGSIPNDKPFQNVNKITYGACPRYVKQNTLKLATGMRNVPEKQTR
A01730226|2016-01-26|cluster_IVA,QKLPGSDNSMATLCLGHHAVPNGTLVKTITDDQIEVTNATELVQSSSTGRICNSPHQILDGKNCTLIDALLGDPHCDDFQNKKWDLFVERSTAYSNCYPYYVPDYATLRSLIASSGNLEFTQESFNWTGVAQDGSSYACRRGSVKSFFSRLNWLYNLNYKYPEQNVTMPNNDKFDKLYIWGVHHPGMDKDQTNLYVQASGRVIVSTKRSQQTVIPSIGSRPWVRGVSSIISIYWTIVKPGDILLINSTGNLIAPRGYFKIQSGKSSIMRSDAHIDECNSECITPNGSIPNDKPFQNVNKITYGACPRYVKQNTLKLATGMRNVPEKQTR
A01730466|2016-01-28|cluster_IVA,QKLPGSDNSMATLCLGHHAVPNGTLVKTITDDQIEVTNATELVQSSSTGRICNSPHQIIDGKNCTLIDALLGDPHCDDFQNKKWDLFVERSTAYSNCYPYYVPDYATLRSLIASSGNLEFTQESFNWTGVAQDGSSYACRRGSVKSFFSRLNWLYNLNYKYPEQNVTMPNNDKFDKLYIWGVHHPGTDKDQTNLYVQASGRVIVSTKRSQQTVIPNIGSRPWVRGVSSIISIYWTIVKPGDILLINSTGNLIAPRGYFKILSGKSSIMRSDAHIDECNSECITPNGSIPNDKPFQNVNKITYGACPRYVKQNTLKLATGMRNVPEKQTR
A01730588|2016-01-29|cluster_IVA,QKLPGSDNSMATLCLGHHAVPNGTLVKTITDDQIEVTNATELVQSSSTGRICNSPHQILDGKNCTLIDALLGDPHCDDFQNKEWDLFVERSTAYSNCYPYYVPDYATLRSLVASSGNLKFTQESFNWTGVAQDGSSYACRRESANSFFSRLNWLYNLNYKYPEQNVTMPNNDRFDKLYIWGVHHPGTDKDQTNLYVQASGRVIVSTKRSQQTVTPNIGSRPWVRGVSSIISIYWTIVKPGDILLINSTGNLIAPRGYFKIQSGKSSIMRSDAHIDECNSECITPNGSIPNDKPFQNVNKITYGACPRYVKQKTLKLATGMRNVPEKQTR
A01731777|2016-02-17|cluster_IVA,QKLPGGDNSMATLCLGHHAVPNGTLVKTITDDQIEVTNATELVQSSSTGRICNSPHQILDGKNCTLIDALLGDPHCDDFQNKKWDLFVERSTAYSNCYPYYVPDYATLRSLVASSGNLEFTQESFNWTGIAQDGSSYACKRGSGNSFFSRLNWLYKLNYKYPEQNVTMPNNDKFDKLYIWGVHHPGTDSDQTSLYVQASGKVIVSTKRSQQTVIPNIGSRPWVRGVSSIISIYWTIVKPGDILLINSTGNLIAPRGYFKIQNGKSSIMRSDAHIDECNSECITPNGSISNDKPFQNVNKITYGACPRYIKQNTLKLATGMRNVPEKQTR
A01732197|2016-02-19|cluster_IVA,QKLPGSDNSMATLCLGHHAVPNGTLVKTITDDQIEVTNATELVQSSSTGRICNSPHQILDGKNCTLIDALLGDPHCDDFQNKKWDLFVERSTAYSNCYPYYVPDYATLRSLIASSGNLEFTQESFNWTGVAQDGSSYACRRSSVNSFFSRLNWLYNLNYKYPEQNVTVPNNDKFDKLYIWGVHHPGTDKDQTNLYVQASGRVIVSTKRSQQTVIPNIGSRPWVRGVSSIISIYWTIVKPGDILLINSTGNLIAPRGYFKIQSGKSSIMRSDAHIDECNSECITPNGSIPNDKPFQNVNKITYGACPRYVKQNTLKLATGMRNVPEKQTR
A01732322|2016-02-24|cluster_IVA,QKLPGSDNSMATLCLGHHAVPNGTLVKTITDDQIEVTNATELVQSSSTGRICNSPHQILDGKNCTLIDALLGDPHCDDFQNKKWDLFVERSTAYSNCYPYYVPDYATLRSLIASSGNLEFTQESFNWTGVAQDGSSYACRRGSVNSFFSRLNWLYNLNYKYPEQNVTMPNNDKFDKLYIWGVHHPGTDKDQTNLYVQASGRVIVSTKRSQQTVIPNIGSRPWVRGVSSIISIYWTIVKPGDILLINSTGNLIAPRGYFKIQSGKSSIMRSDAHIDECNSECVTPNGSIPNDKPFQNVNKITYGACPRYIKQNTLKLATGMRNVPEKQTR
A01732588|2016-02-29|cluster_IVA,QKLPESDNSMAMLCLGHHAVPNGTLVKTITDDQIEVTNATELVQSSSTGRICNSPHQILDGKNCTLIDALLGDPHCDDFQNKEWDLFVERSTAYSNCYPYYVPDYATLRSLVASSGTLEFTQESFNWTGVAQDGSSYACRRRSVKSFFSRLNWLYHLNNKYPEQNVTMPNNDKFDKLYIWGVHHPGTDNDQTYLYAQAPGRVIVSTKRSQQTVIPNIGSRPWVRGVSSIISIYWTIVKPGDMLLINSTGNLIAPRGYFKIQSGKSSIMRSDAHIDECNSECITPNGSIPNDKPFQNVNKITYGACPRYVKQNTLKLATGMRNVPEKQTR
A01732888|2016-03-07|cluster_IVA,QKLPGSDNSMATLCLGHHAVPNGTLVKTITDDQIEVTNATELVQSSSTGRICNSPHQILDGKNCTLIDALLGDPHCDDFQNKKWDLFVERSTAYSNCYPYYVPDYATLRSLIASSGNLEFTQESFNWTGVAQDGSSYACRRGSVNSFFSRLNWLYNLNYKYPEQNVTMPNNDKFDKLYIWGVHHPGMDKDQTNLYVQASGRVIVSTKRSQQTVIPSIGSRPWVRGVSSIISIYWTIVKPGDILLINSTGNLIAPRGYFKIQSGKSSIMRSDAHIDECNSECITPNGSIPNDKPFQNVNKITYGACPRYVKQNTLKLATGMRNVPEKQTR
A01732941|2016-03-08|cluster_IVA,QKLPGSDNSMATLCLGHHAVPNGTLVKTITDDQIEVTNATELVQNSSTGRICNSPHQILDGKNCTLIDALLGDPHCDDLQNKKWDLFVERSTAYSNCYPYYVPDYATLRSLIASSGNLEFTQESFNWTGVAQDGSSYACKRGSVKSFFSRLNWLYNLNYKYPEQNVTMPNNDKFDKLYIWGVHHPGTDKDQTNLYVQASGRVIVSTKRSQQTVIPNIGSRPWVRGVSSIISIYWTIVKPGDILLINSTGNLIAPRGYFKIQSGESSIMRSDAHIDECNSECITPNGSIPNDKPFQNVNKITYGACPRYVKQNTLKLATGMRNVPEKQTR
A01733626|2016-03-16|cluster_IVA,QKLPGSDNSMATLCLGHHAVPNGTLVKTLTDDQIEVTNATELVQSSSTGRICNSPHQILDGKNCTLIDALLGDPHCDDFQNKKWDLFVERSTAYSNCYPYYVPDYATLRSLVASSGNLEFTQENFNWTGVDQGGSSNTCKRGSVSSFFSRLNWLYKLNYKYPEQNVAMPNNDKFDKLYIWGVHHPGTDKDQTNLYAQASGRVVVSTKRSQQTVIPNIGSVPWVRGVSSIISIYWTIVKPGDILLINSTGNLIAPRGYFKIQSGKSSIMKSDAHIDECNSECITPNGSIPNDKPFQNVNKITYGACPRYVKQNTLKLATGMRNVPEKQTR
A01733733|2016-03-18|cluster_IVA,QKLPGSDNSMATLCLGHHAVPNGTLVKTITDDQIEVTNATELVQSSSTGRICNSPHQILDGKNCTLIDALLGDPHCDDFQNKKWDLFVERSTAYSNCYPYYVPDYATLRSLIASSGNLEFTQESFNWTGVTQDGSSNACRRGSVKSFFSRLNWLYNLNYKYPEQNVTMPNNDKFDKLYIWGVHHPGTDKDQTNLYVQASGRVIVSTKRSQQTVIPNIGSRPWVRGVSSIISIYWTIVKPGDILLINSTGNLIAPRGYFKIQSEKSSIMRSDAHIDECNSECITPNGSIPNDKPFQNVNKITYGACPRYVKQNTLKLATGMRNVPEKQTR
A01894277|2016-03-28|cluster_IVA,QKLPGSDNSMATLCLGHHAVPNGTLVKTITDDQIEVTNATELVQSSSTGRICNSPHQILDGKNCTLIDALLGDPHCDDFQNKKWDLFVERSTAYSNCYPYYVPDYATLRSLIASSGNLEFTQESFNWTGVAQDGSSYACRRGSVNSFFSRLNWLYNLNYKYPEQNVTMPNNDKFDKLYIWGVHHPGMDKDQTNLYVQASGRVIVSTKRSQQTVIPSIGSRPWVRGVSSIISIYWTIVKPGDILLINSTGNLIAPRGYFKIQSGKSSIMRSDAHIDECNSECITPNGSIPNDKPFQNVNKITYGACPRYVKQNTLKLATGMRNVPEKQTR
A01894589|2016-04-01|cluster_IVA,QKLPGSDNSMATLCLGHHAVPNGTLVKTLTDDQIEVTNATELVQSSSTGRICNSPHQILDGKNCTLIDALLGDPHCDDFQNKKWDLFVERSTAYSNCYPYYVPDYATLRSLVASSGNLEFTQENFNWTGVDQGGSSYTCKRGSVSSFFSRLNWLYKLNYKYPEQNVNMPNNDKFDKLYIWGVHHPGTDKDQTNLYAQASGRVVVSTKRSQQTVIPNIGSVPWVRGVSSIISIYWTIVKPGDILLINSTGNLIAPRGYFKIQSGKSSIMKSDAHIDECNSECITPNGSIPNDKPFQNVNKITYGACPRYVKQNTLKLATGMRNVPXKQTR
A01895671|2016-04-19|cluster_IVA,QKLPESDNSMATLCLGHHAVPNGTLVKTITDDQIEVTNATELVQSSSTGRICNSPHQILDGKNCTLIDALLGDPHCDDFQNKEWDLFVERSTAYSNCYPYHVPDYATLRSLVASSGNLEFTQESFNWTGVTQDGSSYACRRRSVKSFFSRLNWLYNLNNKYPEQNVTMPNNDKFDKLYIWGVHHPGTDNDQTYLYAQAPGRVIVSTKRSQQTVIPNIGSRPWVRGVSSIISIYWTIVKPGDMLLINSTGNLIAPRGYFKIQSGKSSIMRSDAHIDECNSECITPNGSIPNDKPFQNVNKITYGACPRYVKQNTLKLATGMRNVPEKQTR
A01895763|2016-04-20|cluster_IVA,QKLPGSDNSMATLCLGHHAVPNGTLVKTITDDQIEVTNATELVQSSSTGRICNSPHQILDGKNCTLIDALLGDPHCDDFQNKKWDLFVERSTAYSNCYPYYVPDYATLRSLIASSGNLEFTQESFNWTGVAQDGSSYACRRGSVNSFFSRLNWLYNLNYKYPEQNVTMPNDDKFDKLYIWGVHHPGTDKDQTNLYVQASGRVIVSTKRSQQTVIPNIGSRPWVRGVSSIISIYWTIVKPGDILLINSTGNLIAPRGYFKIQSGKSSIMRSDAHIDECNSECVTPNGSIPNDKPFQNVNKITYGACPRYIKQNTLKLATGMRNVPEKQTR
A01895772|2016-04-20|cluster_IVA,QKLPGSDNSMATLCLGHHAVPNGTLVKTITDDQIEVTNATELVQSSSTGRICNSPHQILDGKNCTLIDALLGDPHCDDFQNKKWDLFVERSTAYSNCYPYYVPDYATLRSLIASSGNLEFTQESFNWTGVAQGGSSYACKRGSVNSFFSRLNWLYNLNYKYPEQNVTMPNNDKFDKLYIWGVHHPGTDKDQTNLYVQASGRVIVSTKRSQQTVIPSIGSRPWVRGVSSIISIYWTIVKPGDILLINSTGNLIAPRGYFKIQSGKSSIMRSDAHIDECNSECITPNGSIPNDKPFQNVNKITYGACPRYVKQNTLKLATGMRNVPEKQTR
A01895828|2016-04-20|cluster_IVA,QKLPGGDNSMATLCLGHHAVPNGTLVKTITDDQIEVTNATELVQSSSTGRICNSPHQILDGKNCTLIDALLGDPHCDDFQNKKWDLFVERSTAYSNCYPYYVPDYATLRSLVASSGNLEFTQESFNWTGIAQDGSSYACKRGSGNSFFSRLNWLHKLNYKYPEQNVTMPNNDKFDKLYIWGVHHPGTDSDQTSLYVQASGKVIVSTKRSQQTVIPNIGSRPWVRGVSSIISIYWTIVKPGDILLINSTGNLIAPRGYFKIQNGKSSIMRSDAHIDGCNSECITPNGSISNDKPFQNVNKITYGACPRYIKQNTLKLATGMRNVPEKQTR
A01895864|2016-04-21|cluster_IVA,QKLPGGDNSMATLCLGHHAVPNGTLVKTITDDQIEVTNATELVQSSSTGRICNSPHQILDGKNCTLIDALLGDPHCDEFQNKKWDLFVERSTAYSNCYPYYVPDYATLRSLVASSGNLEFTQESFNWTGIAQDGSSYACKRGSGNSFFSRLNWLYKLNYKYPEQNVTMPNNDKFDKLYIWGVHHPGTDSDQTSLYVQASGKVIVSTKRSQQTVIPNIGSRPWVRGVSSIISIYWTIVKPGDILLINSTGNLIAPRGYFKIQNGKSSIMRSDAHIDECNSECITPNGSISNDKPFQNVNKITYGACPRYIKQNTLKLATGMRNVPEKQTR
A01895932|2016-04-22|cluster_IVA,QKLPGSDNSMATLCLGHHAVPNGTLVKTITDDQIEVTNATELVQSSSTGSICNSPHQILDGKNCTLIDALLGDPHCDGFQNKKWDLFVERSTAYSNCYPYYVPDYATLRSLIASSGNLEFTQESFNWTGVAQDGSSYACRRGSVNSFFSRLNWLYKLNYKYPEQNVIMPNNDKFDKLYIWGVHHPGTDKDQTNLYVQASGRVIVSTKRSQQTVIPNIGSRPWVRGVSSIISIYWTIVKPGDILLINSTGNLIAPRGYFKILSGKSSIMRSDAHIDECNSECITPNGSIPNDKPFQNVNKITYGACPRYVKQNTLKLATGMRNVPEKQTR
A01775092|2016-05-12|cluster_IVA,QKLPGSDDSMATLCLGHHAVPNGTLVKTITDDQIEVTNATELVQSSSTGKICNSPHHILDGKNCTLIDALLGDPHCDDFQNKKWDLFVERSTAYSNCYPYYVPDYATLRSLVASSGNLEFTQEIFNWTGVAQDGSSYACRRGSDKSFFSRLNWLYHLDYNYPEQNVTMPNNNQFDKLYIWGVHHPGTDKDQTSLYAQTSGRVIVSTKRSQQTVIPNIGSRPWVRGVSSIISIYWTIVKPGDILLINSTGNLIAPRGYFKIQSGKSSIMRSDAHIDECNSECITPNGSISNDKPFQNVNKITYGACPRYIKQNTLKLATGMRNVPEKQTR
A01775461|2016-05-18|cluster_IVA,QKLPGSDNSMATLCLGHHAVPNGTLVKTITDDQIEVTNATELVQNSSTGRICNSPHQILDGKNCTLIDALLGDPHCDDFQNKKWDLFVERSTAYSNCYPYYVPDYATLRSLIASSGNLEFTQESFNWTGVAQDGSSYACKRGPVKSFFSRLNWLYNLNYKYPEQNVTMPNNDKFDKLYIWGVHHPGTDKDQTNLYVQASGRVIVSTKRSQQTVIPNIGSRPWVRGVSSIISIYWTIVKPGDILLINSTGNLIAPRGYFKIQSGESSIMRSDAHIDECNSECITPNGSIPNDKPFQNVNKITYGACPRYVKQNTLKLATGMRNVPEKQTR
A01775853|2016-05-25|cluster_IVA,QKLPVSDNSMATLCLGHHAVPNGTLVKTITDDQIEVTNATELVQNSSTGRICNSPHQILDGKNCTLIDALLGDPHCDDFQNKEWDLFVERSTAYSNCYPYYVPDYATLRSLVASSGNLEFTQESFNWTGVAQDGSSFACRRGSDKSFFSRLNWLYNLNSRYPEQNVTMPNNDKFDKLYIWGVHHPGTDKDQIYLYAQAPGRVIVSTKRSQQTVIPNIGSRPWVRGVSSIISIYWTIVKPGDMLLINSTGNLIAPRGYFKIKSGKSSIMRSDAHIDECNSECITPNGSISNDKPFQNVNKITYGACPRYVKQNTLKLATGMRNVPEKQTR
A01776961|2016-06-23|cluster_IVA,QKLPGSDNSMATLCLGHHAVPNGTLVKTITDDQIEVTNATELVQGSSTGRICNSPHQILDGKNCTLIDALLGDPHCDDFQNKEWDLFVERSTAYSNCYPYYVPDYATLRSLVASSGNLKFTQEIFNWTGVAQEGSSYSCKRGSVNSFFSRLNWLYNLNYKYPEQNVTMPNNDKFDKLYIWGVHHPGTDKDQTNLYAQASGRVIVSTRRSQQTVIPNIGSRPWVRGVSSIISIYWTIVKPGDILLINSTGNLIAPRGYFKIQSGKSSIMRSDAHIDECNSECITPNGSISNDKPFQNVNKITYGACPRYVKQNTLKLATGMRNVPEKQTR
A01777393|2016-07-07|cluster_IVA,QKLPGGDNSMATLCLGHHAVPNGTLVKTITDDQIEVTNATELVQSSSTGRICNSPHQILDGKNCTLIDALLGDPHCDDFQNKKWDLFVERSTAYSNCYPYYVPDYATLRSLVASSGNLEFTQESFNWTGIAQDGSSYACKRGSGNSFFSRLNWLYKLNYKYPEQNVTMPNNDKFDKLYIWGVHHPGTDSDQTSLYVQASGKVIVSTKRSQQTVIPNIGSRPWVRGVSSIISIYXTIVKPGDILLINSTGNLIAPRGYFKIQNGKSSIMRSDAHIDECNSECITPNGSISNDKPFQNVNKITYGACPRYIKQNTLKLATGMRNVPEKQTR
A01777830|2016-07-22|cluster_IVA,QKLPGSDNSMATLCLGHHAVPNGTLVKTITDDQIEVTNATELVQGSSTGRICNSPHQILDGKNCTLIDALLGDPHCDDFQNKEWDLFVERSTAYSNCYPYYVPDYATLRSLVASSGNLKFTQEIFNWTGVAQEGSSYSCRRGSVNSFFSRLNWLYNLNYKYPEQNVTMPNNDKFDKLYIWGVHHPGTDKDQTNLYAQASGRVIVSTRRSQQTVIPNIGSRPWVRGVSSIISIYWTIVKPGDILLINSTGNLIAPRGYFKIQNGKSSIMRSDAHIDECNSECITPNGSISNDKPFQNVNKITYGACPRYVKQNTLKLATGMRNVPEKQTR
A01777894|2016-07-25|cluster_IVA,QKLPGSDDSMATLCLGHHAVPNGTLVKTITDDQIEVTNATELVQSSSTGKICNSPHNILDGKNCTLIDALLGDPHCDDFQNKKWDLFVERSTAYSNCYPYYVPDYATLRSLVASSGNLEFTQEIFNWTGVAQDGSSYACRRGSDKSFFSRLNWLYHLNYNYPEQNVTMPNNNQFDKLYIWGVHHPGTDKDQTSLYAQTSGRVIVSTKRSQQTVIPNIGSRPWVRGVSSIISIYWTIVKPGDILLINSTGNLIAPRGYFKIQSGKSSIMRSDAHIDECNSECITPNGSISNDKPFQNVNKITYGACPRYVKQNTLKLATGMRNVPEKQTR
A01777989|2016-07-28|cluster_IVA,QKLPGSDNSMATLCLGHHAVPNGTLVKTITDDQIEVTNATELVQSSSTGRICNSPHQILDGKNCTLIDALLGDPHCDDFQNKKWDLFVERSTAYSNCYPYYVPDYATLRSLIASSGNLEFTQESFNWTGVAQDGSSYACRRGSVNSFFSRLNWLYNLNYKYPEQNVTMPNDDKFDKLYIWGVHHPGTDKDQTNLYVQASGRVIVSTKRSQQTVIPNIGSRPWVRGVSSIISIYWTIVKPGDILLINSTGNLIAPRGYFKIQNGKSSIMRSDAHIDECNSECVTPNGSIPNDKPFQNVNKITYGACPRYIKQNTLKLATGMRNVPEKQTR
A01778607|2016-08-17|cluster_IVA,QKLPGSDDSMATLCLGHHAVPNGTLVKTITDDQIEVTNATELVQSSSTGKICNSPHHILDGKNCTLIDALLGDPHCDDFQNKKWDLFVERSTAYSNCYPYYVPDYATLRSLVASSGNLEFTQEIFNWTGVAQDGSSYACRRGSDKSFFSRLNWLYHLDYNYPEQNVTMPNNNQFDKLYIWGVHHPGTDKDQTSLYAQTSGRVIVSTKRSQQTVIPNIGSRPWVRGVSSIISIYWTIVKPGDILLINSTGNLIAPRGYFKIQGGKSSIMRSDAHIDECNSECITPNGSISNDKPFQNVNKITYGACPRYIKQNTLKLATGMRNVPEKQTR
A01781224|2016-09-12|cluster_IVA,QKLPGGDNSMATLCLGHHAVPNGTLVKTITDEQIEVTNATELVQSSSTGRICNSPHQILDGKNCTLIDALLGDPHCDEFQNKKWDLFVERSTAYSNCYPYYVPDYATLRSLVASSGNLEFTQESFNWTGIAQDGSSYACKRGSGKSFFSRLNWLYKLNHKYPEQNVTMPNNDKFDKLYIWGVHHPGTDSDQTSLYVQASGKVIVSTKRSQQTVIPNIGSRPWVRGVSSIISIYWTIVKPGDILLINSTGNLIAPRGYFKIQNGKSSIMRSDAHIDECNSECITPNGSISNDKPFQNVNKITYGACPRYIKQNTLKLATGMRNVPEKQTR
A01781410|2016-09-16|cluster_IVA,QKLPGSDNSMAMLCLGHHAVPNGTLVKTITDDQIEVTNATELVQSSSTGRICNSPHQILDGKNCTLIDALLGDPHCDDFQNKKWDLFVERSTAYSNCYPYYVPDYATLRSLIASSGNLEFTXENFNWTGVAQDGSSYACRRGSVKSFFSRLNWLYNLNYKYPEQNVTMPNNDKFDKLYIWGVHHPGTDKDQTNLYVQASGRVVVSTKRSQQTVIPNIGSRPWVRGVSSIISVYWTIVKPGDILLINSTGNLIAPRGYFKIQSGKSSIMRSDAHIDECNSECITPNGSIPNDKPFQNVNKITYGACPRFVKQKTLKLATGMRNVPEKQTR
A01781579|2016-09-21|cluster_IVA,QKLPGGDNSMATLCLGHHAVPNGTLVKTITDEQIEVTNATELVQSSSTGRICNSPHQILDGKNCTLIDALLGDPHCDEFQNKKWDLFVERSTAYSNCYPYYVPDYATLRSLVASSGNLEFTQESFNWTGIAQDGSSYACKRGSGKSFFSRLNWLYKLNHKYPEQNVTMPNNDKFDKLYIWGVHHPGTDSDQTSLYVQASGKVIVSTKRSQQTVIPNIGSRPWVRGVSSIISIYWTIVKPGDILLINSTGNLIAPRGYFKIQNGKSSIMRSDAHIDECNSECITPNGSISNDKPFQNVNKITYGACPRYIKQNTLKLATGMRNVPEKQTR
A01782435|2016-10-19|cluster_IVA,QKLPGSDNSMATLCLGHHAVPNGTLVKTITDDQIEVTNATELVQSSSTGRICNSPHQILDGKNCTLIDALLGDPHCDGFQNKKWDLFVERSTAYSNCYPYYVPDYATLRSIIASSGNLEFTQESFNWTGVAQDGSSYACRRGSVKSFFSRLNWLYNLNHKYPEQNVTMPNNDEFDKLYIWGVHHPGTDKDQTNLYVQASGRVIVSTKRSQQTVIPNIGSRPWVRGVSSIISIYWTIVKPGDILLINSTGNLIAPRGYFKILSGKSSIMRSDAHIDECNSECITPNGSIPNDKPFQNVNRITYGACPRYIKQNTLKLATGMRNVPEKQTR
A01668240|2016-11-14|cluster_IVA,QKLPGGDNSMATLCLGHHAVPNGTLVKTITDDQIEVTNATELVQSSSTGRICNSPHQILDGKNCTLIDALLGDPHCDEFQNKKWDLFVERSTAYSNCYPYYVPDYATLRSLVASSGNLEFIQESFNWTGIAQDGSSYACKRGSGNSFFSRLNWLYKLNYKYPEQNVTMPNNDKFDKLYIWGVHHPGTDSDQTSLYVQASGKVIVSTKRSQQTVIPNIGSRPWVRGVSSIISIYWTIVKPGDILLINSTGNLIAPRGYFKIQNGKSSIMRSDAHIDECNSECITPNGSISNDKPFQNVNKITYGACPRYIKQNTLKLATGMRNVPEKQTR
A01668207|2016-11-14|cluster_IVA,QKLPGSDNSMATLCLGHHAVPNGTLVKTITDDQIEVTNATELVQSSSTGRICNSPHQILDGKNCTLIDALLGDPHCDDFQNKKWDLFIERSTAYSNCYPYYVPDYATLRSLVASSGNLEFTQESFNWTGVAQDGSSYSCRRGSDKSFFSRLNWLYHLDYKYPEQNVTMSNNDKFDKLYIWGVHHPGTDKDQTNLYVQSSGRVIVSTKRSQQTVIPNIGYKPWVRGVSSIISIYWTIVKPGDIFLINSTGNLIAPRGYFKIQSGKSSIMRSDAHIDECNSECITPNGSISNDKPFQNVNKITYGACPRYVKQNTLKLATGMRNVPEKQTR
A01671000|2016-12-07|cluster_IVA,QKLPGGDNSMATLCLGHHAVPNGTLVKTITDDQIEVTNATELVQSSSTGRICNSPHQILDGKNCTLIDALLGDPHCDDFQNKKWDLFVERSTAYSNCYPYYVPDYATLRSLVASSGNLEFTQESFNWTGIAQDGSSYACKRGSGNSFFSRLNWLYKLNYKYPEQNVTMPNNDKFDKLYIWGVHHPGTDNDQTSLYAQASGKVIVSTKRSQQTVIPNIGSRPWVRGVSSIISIYWTIVKPGDILLINSTGNLIAPRGYFKIQNGKSSIMRSDAHIDECNSECITPNGSISNDKPFQNVNKITYGACPRYIKQNTLKLATGMRNVPEKQTR
A01671226|2016-12-12|cluster_IVA,QKLPGSDNSMATLCLGHHAVPNGTLVKTITDDQIEVTNATELVQSSSTGRICNSPHQILDGKNCTLIDALLGDPHCDDFQNKKWDLFVERSTAYSNCYPYYVPDYATIRSLIASSGNLEFTQESFNWTGVAQDGSSYACRRGSVNSFFSRLNWLYNLNYKYPEQNVTMPNNDKFDKLYIWGVHHPGTDKDQTSLYVQAPGRVIVSTKRSQQTVIPNIGPRPWVRGVSSIISIYWTIVKPGDILLINSTGNLIAPRGYFKIQSGKSSIMRSDAHIDECNSECITPNGSIPNDKPFQNVNKITYGACPRYVKQNTLKLATGMRNVPEKQTR
A01671574|2016-12-21|cluster_IVA,QKLPGSDNSMATLCLGHHAVPNGTLVKTITDDQIEVTNATELVQSSSTSRICNSPHQILDGKNCTLIDALLGDPHCDDFQNKKWDLFVERSTAYSNCYPYYVPDYATLRSLIASSGNLEFTQESFNWTGVAQDGSSYACRRGSVNSFFSRLNWLYNLNYKYPEQNVTMPNNDKFDKLYIWGVHHPGTDKDQTNLYVQASGRVIVSTKRSQQTVIPNIGSRPWVRGVSSIISIYWTIVKPGDILLINSTGNLIAPRGYFKIQSGKSSIMRSDAHIDECNSECITPNGSIPNDKPFQNVNKITYGACPRYVKQNTLKLATGMRNVPEKQTR
A01671744|2016-12-29|cluster_IVA,QKLPGSDNSMATLCLGHHAVSNGTLVKTITDDQIEVTNATELVQSSSTGRICNSPHQILDGKNCTLIDALLGDPHCDDFQNKEWDLFVERSTAYSNCYPYYVPDYATLRSLVASSGNLEFTQENFNWTGVAQDGSSYACRRGSVNSFFSRLNWLYNLNYKYPEQNVTMPNNDKFDKLYIWGVHHPGTDKDQTNLYAQASGRVIVSTKRSQQTVIPNIGSRPWVRGVSSIISIYWTIVKPGDIFLINSTGNLIAPRGYFKIQSGKSSIMRSDAHIDECNSECITPNGSIPNDKPFQNVNKITYGACPRYVKQNTLKLATGMRNVPEKQTR
A01671944|2017-01-03|cluster_IVA,QKLPGSDNSMATLCLGHHAVPNGTLVKTITDDQIEVTNATELVQSSSTGRICNSPHQILDGKNCTLIDALLGDPHCDDFQNKKWDLFIERSTAYSNCYPYYVPDYATLRSLVASSGNLEFTQESFNWTGVAQDGSSYSCRRGSDKSFFSRLNWLYHLDYKYPEQNVTMSNNDKFDKLYIWGVHHPGTDKDQTNLYVQSSGRVIVSTKRSQQTVIPNIGYKPWVRGVSSIISIYWTIVKPGDIFLINSTGNLIAPRGYFKIQSGKSSIMRSDAHIDECNSECITPNGSISNDKPFQNVNKITYGACPRYVKQNTLKLATGMRNVPEKQTR
A01672517|2017-01-30|cluster_IVA,QKLPGSDNSMATLCLGHHAVPNGTLVKTITDDQIEVTNATELVQSSSTGRICNSPHQILDGKNCTLIDALLGDPHCDDFQNKKWDLFVERSTAYSNCYPYYVPDYATLRSLIASSGNLEFTQESFNWTGVAQDGSSYACRRGSVNSFFSRLNWLYNLNYKYPEQNVTMPNNDKFDKLYIWGVHHPSTDKDQTNLYAQASGRVIVSTKRSQQTVIPNIGSRPWVRGVSSIISIYWTIVKPGDALLINNTGNLIAPRGYFRILSGKSSIMRSDAHIDECNSECITPNGSIPNDKPFQNVNKITYGACPRYVKQNTLKLATGMRNVPEKQTR
A01672826|2017-02-10|cluster_IVA,QKLPGSDNSTATLCLGHHAVPNGTLVKTITDDQIEVTNATELVQSSSTGRICNSPHQILDGKNCTLIDALLGDPHCDDFQNKEWDLFVERSTAYSNCYPYYVPDYATLRSLVASSGNLEFTQESFNWTGVAQDGSSYACRRGSVNSFFSRLNWLYNLNYKYPEQNVTMPNNDKFDKLYIWGVHHPGTDKDQTNLYVQASGRVIVSTKISQQTVIPNIGSRPWVRGVSSIISIYWTIVKPGDILLINSTGNLIAPRGYFKIQSGKSSIMRSDAHIDECNSECITPNGSISNDKPFQNVNKITYGACPRYVKQNTLKLATGMRNVPEKQTR
A01932044|2017-02-17|cluster_IVA,QKLPESDNSMATLCLGHHAVPNGTLVKTITDDQIEVTNATELVQSSSTGRICNSPHQILDGKNCTLIDSLLGDPHCDDFQNKKWDLFVERSTAYSNCYPYYVPDYATLRSIVASSGNLEFTQESFNWTGVAQDGSSSACKRGSAKSFFSRLNWLYNLNSRYPEQNVTMPNNDKFDKLYIWGVHHPGTDKDQTYLYAQTPGRVIVSTKRSQQTVIPDVGSRPWVRGVSSIISIYWTIVKPGDMLLINSTGNLIAPRGYFKMQSGKSSIMRSDAHIDECNSECITPNGSISNDKPFQNVNKITYGACPRYVKQNTLKLATGMRNVPEKQTR
A02214841|2017-04-25|cluster_IVA,QKPPGSENNMATLCLGHHAVPNGTLVKTITDDQIEVTNATELVQSSSTGRICNSPHQILDGKNCTLIDALLGDPHCDDFQNKEWDLFVERSTAYSNCYPYYVPDYATLRSLVASSGNLEFTQESFNWTGVAQDGSSYACRRGSVNSFFSRLNWLYNLNYKYPEQXVTMPNNDKFDKLYIWGVHHPGTDKDQTNLYAQASGRVIVSTKRNQQTVIPNIGSRPWVRGVSSIMSIYWTIVKPGDILLINSTGNLIAPRGYFKIQSGKSSIMRSDAHIDECNSECITPNGSIPNDKPFQNVNKITYGACPRYVKQNTLKLATGMRNVPDKQTR
A02214844|2017-04-25|cluster_IVA,QKLPGSDNSMATLCLGHHAVPNGTLVKTITDDQIEVTNATELVQSSSTSRICNSPHQILDGKNCTLIDALLGDPHCDDFQNKKWDLFVERSTAYSNCYPYYVPDYATLRSLIASSGNLEFTQESFNWTGVAQDGSSYACRRGSVNSFFSRLNWLYNLNYKYPEQNVTMPNNDKFDKLYIWGVHHPGTDKDQTNLYVQASGRVIVSTKRSQQTVIPNIGSRPWVRGVSSIISIYWTIVKPGDILLINSTGNLIAPRGYFKIQSGKSSIMRSDAHIDECNSECITPNGSIPNDKPFQNVNKITYGACPRYVKQNTLKLATGMRNVPEKQTR
A02215031|2017-05-02|cluster_IVA,QKLPESDNSMATLCLGHHAVPNGTLVKTITDDQIEVTNATELVQSASTGRICNGPHQILDGKNCTLIDALLGDPHCDDLQNKEWDLFVERSTAYSNCYPYYVPDQATLRSLVASSGKLEFTQESFNWTGVAQDGSSYSCRRGSVNSFFSRLNWLYKLNYKYPEQNVTMPNNDRFDKLYIWGVHHPGTDKDQTNLYVQESGRVIVSTKRSQQTVIPSIGSRPWVRGVSSIISIYWTIVKPGDILLINSSGNLIAPRGYFKIQSGKSSIMRSDAHIDECNSECITPNGSISNDKPFQNVNKITYGACPRYVKQNTLKLATGMRNVPEKQTR
A02215046|2017-05-02|cluster_IVA,QKLPGNDNSMATLCLGHHAVPNGTFVKTITDDQVEVTNATELIQSSSTGRICNSPHHILDGKNCTLIDALLGDPHCDDFQNKEWDLFVERSTAYSNCYPYYVPDYATLRSLIASSGNLEFTQESFNWTGVAQDGSSYACRRGSVKSFFSRLNWLYNLEYKYPEQNVTMPNNDKFDKLYIWGVHHPGTDKDQTNLYVQASGRVIVSTKRSQQTVIPNIGSRPWVRGVSSIISIYWTIVKPGDILLINSTGNLIAPRGYFKIQSGKSSIMRSDAHIDECYSECITPNGSISSDKPFQNVNKITYGACPRYVKQNTLKLATGMRNVPEKQTR
A02217400|2017-06-28|cluster_IVA,QKLPGSDNSMATLCLGHHAVPNGTLVKTITDDQIEVTNATELVQSSSTGRICNSPHQILDGKNCTLIDALLGDPHCDDFQNKEWDLFVERSTAYSSCYPYYVPDYATLRSLVASSGNLKFTQEIFNWTGVAQDGSSYACRRGSVNSFFSRLNWLYNLNYKYPEQNVSMPNNDEFDKLYIWGVHHPGTDKDQTNLYAQASGRVMVSTKRSQQTVIPNVGSRPWVRGVSSIISIYWTIVKPGDILSINSTGNLIAPRGYFKIQSGKSSIMRSDAHIDECNSECITPNGSISNDKPFQNVNKITYGACPRYVKQNTLKLATGMRNVPEKQTR
A02218156|2017-07-10|cluster_IVA,QKLPGSDNSMATLCLGHHAVPNGTLVKTITDDQIEVTNATELVQSSSTGRICNSPHQILDGKNCTLIDALLGDPHCDDFQNKEWDLFVERSTAYSSCYPYYVPDYATLRSLVASSGNLKFTQEIFNWTGVAQDGSSYACRRGSVNSFFSRLNWLYNLNYKYPEQNVSMPNNDEFDKLYIWGVHHPGTDKDQTNLYAQASGRVMVSTKRSQQTVIPNVGSRPWVRGVSSIISIYWTIVKPGDILSINSTGNLIAPRGYFKIQSGKSSIMRSDAHIDECNSECITPNGSISNDKPFQNVNKITYGACPRYVKQNTLKLATGMRNVPEKQTR
A02221499|2017-09-19|cluster_IVA,QELPGSDNSMATLCLGHHAVPNGTLVKTITDDQIEVTNATELVQSSSTGRICNSPHQILDGKNCTLIDALLGDPHCDDFQNKEWDLFVERSTAYSNCYPYYVPDYATLRSLVASSGNLKFTQEIFNWTGVAQDGSSYSCKRGSVNSFFSRLNWLHNLNYKYPEQNVTMPNNDKFDKLYIWGVHHPGTDKDQTNLYVQASGRVIVSTRRSQQTVIPNIGSRPWVRGVSSIISIYWTIVKPGDILLINSTGNLIAPRGYFKIQSGKSSIMRSDANIDECNSECITPNGSISNDKPFQNVNKITYGACPRYIKQNTLKLATGMRNVPEKQNR
A02134225|2017-10-24|cluster_IVA,QKLPGSDNSMATLCLGHHAVPNGTLVKTITDDQIEVTNATELVQSSSTSRICNSPHQILDGKNCTLIDALLGDPHCDDFQNKKWDLFVERSTAYSNCYPYYVPDYATLRSLIASSGNLEFTQESFNWTGVAQDGSSYSCRRGSVNSFFSRLNWLYNLNYKYPEQNVTMPNNDKFDKLYIWGVHHPGTDKDQTNLYVQAPGRVIVSTKRSQQTVIPNIGSRPWVRGVSSIISIHWTIVKPGDILLINSTGNLIAPRGYFKIQSGKSSIMRSDAHIDECNSECITPNGSIPNDKPFQNVNKITYGACPRYVKQNTLKLATGMRNVPEKQTR
A02134242|2017-10-24|cluster_IVA,QKLPGSDNSMATLCLGHHAVPNGTLVKTITDDQIEVTNATELVQSSSTGRICNSPHQILDGKNCTLIDALLGDPHCDDFQNKEWDLFVERSTAYSSCYPYYVPDYATLRSLVASSGNLKFTQEIFNWTGVAQDGSSYACRRGSVNSFFSRLNWLYNLNYKYPEQNVSMPNNDKFDKLYIWGVHHPGTDKDQTNLYAQASGRVMVSTKRSQQTVIPNVGSRPWVRGVSSIISIYXTIVKPGDILSINSTGNLIAPRGYFKIQSGKSSIMRSDAHIDECNSECITPNGSISNDKPFQNVNKITYGACPRYVKQNTLKLATGMRNVPEKQTR
A02135886|2017-11-13|cluster_IVA,QKLPGSDNSMATLCLGHHAVPNGTLVKTITDDQIEVTNATELVQSSSTGRICNSPHQILDGKNCTLIDALLGDPHCDDFQNKEWDLFVERSTAYSNCYPYYVPDYATLRSLVASSGNLKFTQESFNWTGVAQDGSSNACRRKSVKSFFSRLNWLYHLDYKYPEQNVXMPNNDKFDKLYIWGVHHPGTDKDQTNLYAQASGRVIVSTKRSQQTVTPNIGSRSWVRGVSSIISIYWTIVKPGDILLINSTGNLIAPRGYFKIQSGKSSIMRSDAHIDECNSECITPNGSIPNDKPFQNVNKITYGACPRYVKQKTLKLATGMRNVPEKQTR
A02136748|2017-11-21|cluster_IVA,QKLPGSDNSMATLCLGHHAVPNGTLVKTITDDQIEVTNATELVQSSSTGRICNSPHQILDGKNCTLIDALLGDPHCDDFQNKKWDLFVERSTAYSNCYPYYVPDYATLRSLIASSGNLEFTQESFNWTGVTQDGSSYACRKGSVNSFFSRLNWLYNLNYKYPEQNVTMPNNDKFDKLYIWGVHHPGTDKDQTYLYVQAPGRVMVSTKRSQQTIIPNIGSRPWVRGVSSIISIHWTIVKPGDILLINSTGNLIAPRGYFKIQSGKSSIMRSDAHIDECNSECITPNGSIPNDKPFQNVNKITYGACPRYVKQNTLKLATGMRNVPEKQTR
A02138601|2017-12-13|cluster_IVA,QKLSGSDNSMATLCLGHHAVPNGTLVKTITDDQIEVTNATELVQSSSTGRICNSPHQILDGKNCTLIDALLGDPHCDDFQNKEWDLFVERSTAYSNCYPYYVPDYATLRSLVASSGNLKFTQESFNWTGVAQDGSSYACRRGSVNSFFSRLNWLYNLNYKYPEQNVTMPNNDKFDKLYIWGVHHPGTDKDQTNLYVQASGKVIVSTKRSQQTVIPNVGSRPWVRGVSSIISIYWTIVKPGDILLINSTGNLIAPRGYFKIQSGKSSIMRSDAHIDECNSECITPNGSISNGKPFQNVNKITYGACPRYVKQNTLKLATGMRNVPEKQTR
A02142683|2018-02-14|cluster_IVA,QKLSGSDDSMATLCLGHHAVPNGTLVKTITDDQIEVTNATELVQSSSTGRICNSPHQILDGKNCTXIDALLGDPHCDDFQNKEWDLFVERSTAYSICYPYYVPDYATLRSLVASSGNLKFTQESFNWTGVAQDGSSYACRRGSVNSFFSRLNWLYNLNYKYPEQNVTMPNNDKFDKLYIWGVHHPGTDKDQTNLYVQASGKVIVSTKRSQQTVIPNVGSRPWVRGVSSIISIYXTIVKXGDILLINSTGNLIAPRGYFKIQSGKSSIMRSDAHIDECNSECITPNGSISNGKPFQNVNKITYGACPRYVKQNTLKLATGMRNVPEKQTR
A02154072|2018-02-26|cluster_IVA,QKLPGSDNSMATLCLGHHAVPNGTLVKTITDDQVEVTNATELVQSSSTGRICNSPHQILDGKNCTLIDALLGDPHCDDFQNKEWDLFVERSTAYSSCYPYYVPDYATLRSLVASSGNLKFTQEIFNWTGVAQDGSSYACRRGSVNSFFSRLNWLYNLNYKYPEQNVSMPNNDEFDKLYIWGVHHPGTDKDQTNLYAQASGRVMVSTKRSQQTVIPNVGSRPWVRGVSSIISIYWTIVKPGDILSINSTGNLIAPRGYFKIQSGKSSIMRSDAHIDECNSECITPNGSISNNKPFQNVNKITYGACPRYVKQNTLKLATGMRNVPEKQTR
A02154766|2018-03-05|cluster_IVA,QRLPRSDNSMATLCLGHHAVPNGTLVKTITDDQIEVTNATELVQSSSTGRICNSPHQILDGKNCTXIDALLGDPHCDDFQNKEWDLFVERSTAYSSCYPYYVPDYATLRSLVASSGNLGFTQESFNWTGVAQDGSSFSCRRGSVKSFFSRLNWLHKLNYKYPEQNVTMPNNDKFDKLYIWGVHHPGTDEDQTNLYVHASGRVIVSTKRSQQTVIPNIGSRPWVRGVSSIISIYWTIVKPGDILLINSTGNLIAPRGYFKIQSGKSSIMRSDAHIDECNSECITPNGSISNDKPFQNVNKITYGACPRYVKQNTLKLATGMRNVPEKQTR
A02155428|2018-03-09|cluster_IVA,QKLSGSDNSMATLCLGHHAVPNGTLVKTITDDQIEVTNATELVQSSSTGRICNSPHQILDGKNCTLIDALLGDPHCDDFQNKEWDLFVERSTAYSNCYPYYVPDYATLRSLVASSGNLKFTQESFNWTGVAQDGSSYACRRGSVNSFFSRLNWLYNLNYKYPEQNVTMPNNDKFDKLYIWGVHHPGTDKDQTNLYVQASGKVIVSTKRSQQTVIPNVGSRPWVRGVSSIISIYXTIVKPGDILLINSTGNLIAPRGYFKIQSGKSSIMRSDAHIDECNSECITPNGSISNGKPFQNVNKITYGACPRYVKQNTLKLATGMRNVPEKQTR
A02157976|2018-04-23|cluster_IVA,QKISGSDNSMATLCLGHHAVPNGTLVKTITDDQIEVTNATELVQSSSTGRICNSPHQILDGKNCTLIDALLGDPHCDDFQNKEWDLFVERSTAYSNCYPYYVPDYATLRSLVASSGNLKFTQESFNWTGVAQDGSSYACRRGSVNSFFSRLNWLYNLNYKYPEQNVTMPNNDKFDKLYIWGVHHPGTDKDQTNLYVQASGKVIVSTKRSQQTVIPNVGSRPWVRGVSSIISIYXTIVKPGDILLINSTGNLIAPRGYFKIQSGKSSIMRSDAHIDECNSECITPNGSISNGKPFQNVNKITYGACPRYVKQNTLKLATGMRNVPEKQAR
A02157995|2018-04-24|cluster_IVA,QKLSGSDNSMATLCLGHHAVPNGTLVKTITDDQIEVTNATELVQSSSTGRICNSPHQILDGKNCTLIDALLGDPHCDDFQNKEWDLFVERSTAYSNCYPYYVPDYATLRSLVASSGNLKFTQESFNWTGVAQDGSSYACRRGSVNSFFSRLNWLYNLNYKYPEQNVTMPNNDKFDKLYIWGVHHPGTDKDQTNLYVQASGKVIVSTKRSQQTVIPNVGSRPWVRGVSSIISIYWTIVKPGDILLINSTGNLIAPRGYFKIQSGKSSIMRSDAHIDECNSECITPNGSISNGKPFQNVNKITYGACPRYVKQNTLKLATGMRNVPEKQTR
A02158807|2018-05-23|cluster_IVA,QKLSGSDNSMATLCLGHHAVPNGTLVKTITDDQIEVTNATELVQSSSTGRICNSPHQILDGKNCTLIDALLGDPHCDDFQNKEWDLFVERSTAYSNCYPYYVPDYATLRSLVASSGNLKFTQESFNWTGVAQDGSSYACRRGSVNSFFSRLNWLYNLNYKYPEQNVTMPNNDKFDKLYIWGVHHPGTDKDQTNLYVQASGKVIVSTKRSQQTVIPNVGSRPWVRGVSSIISIHWTIVKPGDILLINSTGNLIAPRGYFKIQSGKSSIMRSDARIDECNSECITPNGSISNGKPFQNVNKITYGACPRYVKQNTLKLATGMRNVPEKQTR
A02169069|2018-05-31|cluster_IVA,QKLSGSDNSMATLCLGHHAVPNGTLVKTITDDQIEVTNATELVQSSSTGRICNSPHQILDGKNCTLIDALLGDPHCDDFQNKEWDLFVERSTAYSNCYPYYVPDYATLRSLVASSGNLKFTQESFNWTGVAQDGSSYACRRGSVNSFFSRLNWLYNLNYKYPEQNVTMPNNDKFDKLYIWGVHHPGTDKDQTNLYVQASGKVIVSTKRSQQTVIPNVGSRPWVRGVSSIISIYWTIVKPGDILLINSTGNLIAPRGYFKIQSGKSSIMRSDAHIDECNSECITPNGSISNGKPFQNVNKITYGACPRYVKQNTLKLATGMRNVPEKQTR
A02171019|2018-07-09|cluster_IVA,QKLSGSDDSMATLCLGHHAVPNGTLVKTITDDQIEVTNATELVQSSSTGRICNSPHQILDGKNCTLIDALLGDPHCDDFQNKEWDLFVERSTAYSNCYPYYVPDYATLRSLVASSGNLKFTQESFNWTGVAQDGSSYACRRGSVNSFFSRLNWLYNLNYKYPEQNVTMPNNDKFDKLYIWGVHHPGTDKDQTNLYVQASGKVIVSTKRSQQTVIPNVGSRPWVRGVSSIISIYWTIVKPGDILLINSTGNLIAPRGYFKIQSGKSSIMRSDAHIDECNSECITPNGSISNGKPFQNVNKITYGACPXYVKQNTLKLATGMRNVPEKQTR
A02172377|2018-07-16|cluster_IVA,QKLPENDNSMATLCLGHHAVSNGTLVKTITDDQIEVTNATELVQSSSTGRICNSPHQILDGKNCTLIDSLLGDPHCDDFQDKKWDLFVERSTAYSNCYPYYVPDYATLRSIVASSGNLEFTQESFNWTGVSQDGSSFACKRGSAKSFFSRLNWLHNLNSRYPEQNVTMPNNDKFDKLYIWGVHHPGTDKDQTYLYAQTPGRVIVSTKRSQQTVIPNIGSRPWVRGVSSIISIYWTIVKPGDMLLINSTGNLIAPRGYFKIQSGKSSIMRSDAHIDECNSECITPNGSISNDKPFQNVNKITYGACPRYVKQNTLKLATGMRNVPEKQTR
A02254607|2018-07-30|cluster_IVA,QKLSGSDNSMATLCLGHHAVPNGTLVKTITDDQIEVTNATELVQSSSTGRICNSPHQILDGKNCTLIDALLGDPHCDDFQNKEWDLFVERSTAYSNCYPYYVPDYATLRSLVASSGNLKFTQESFNWTGVAQDGSSYACRRGSVNSFFSRLNWLYNLNYKYPEQNVTMPNNDKFDKLYIWGVHHPGTDKDQTNLYVQASGKVIVSTKRSQQTVIPNVGSRPWVRGVSSIISIYWTIVKPGDILLINSTGNLIAPRGYFKIQSGKSSIMRSDAHIDECNSECITPNGSISNGKPFQNVNKITYGACPRYIKQNTLKLATGMRNVPEKQTR
A02254616|2018-07-30|cluster_IVA,QKLPGSDNSMATLCLGHHAVPNGTLVKTITDDQIEVTNATELVQSSSTGRICNSPHQILDGKNCTLIDALLGDPHCDDFQNKEWDLFVERSTAYSNCYPYYVPDYATLRSLVASSGNLEFTQESFNWTGVAQDGSSYACRRGSVNSFFSRLNWLYKLNYKYPEQNVTMPNNDKFDKLYVWGVHHPGTDMDQTSLYVQASGKVIVSTKRSQQTVIPNVGSRPWVRGVSSIISIYWTIVKPGDILLINSTGNLIAPRGYFKIQSGKSSIMRSDAHIDECNSECITPNGSISNDKPFQNVNKITYGACPRYVKQNTLKLATGMRNVPEKQTR
A02254794|2018-08-06|cluster_IVA,QRLPGSDNSMATLCLGHHAVPNGTLVKTITDDQVEVTNATELVQSSSTGRICNSPHQILDGKNCTLIDALLGDPHCDDLQNKEWDLFIERSTAYSNCYPYYVPDYATLRSLVAASGSLEFTQESFNWNGVAQGGSSYACKRESVNSFFSRLNWLYKLNYKYPEQNVTMPNNDNFDKLYIWGVHHPGTDKDQTNLYVQASGRVLVSTKRSQQNIIPNIGSRPWIRGVSSIISVHWTIVKPGDILVINSTGNLIAPRGYFKIQSGKSSIMRSDTHIDECNSDCITPNGSIPNDKPFQNVNKITYGACPRYVKQNTLKLATGMRNVPEKQTR
A02254796|2018-08-06|cluster_IVA,QKLSGSDNSMATLCLGHHAVPNGTLVKTITDDQIEVTNATELVQSSSTGRICNSPHQILDGKNCTLIDALLGDPHCDDFQNKEWDLFVERSTAYSNCYPYYVPDYATLRSLVASSGNLKFTQESFNWTGVAQDGSSYACRRGSVNSFFSRLNWLYNLNYKYPEQNVTMPNNDKFDKLYIWGVHHPGTDKDQTNLYVQASGKVIVSTKRSQQTVIPNVGSRPWVRGVSSIISIYXTIVKPGDILLINSTGNLIAPRGYFKIQSGKSSIMRSDAHIDECNSECITPNGSISNGKPFQNVNKITYGACPRYVKQNTLKLATGMRNVPEKQTR
A02254975|2018-08-10|cluster_IVA,QKLPESDNSMATLCLGHHAVPNGTLVKTITDDQIEVTNATELVQSFSTGRICNSPHRILDGKNCTLIDALLGDPHCDDFQNKEWDLFVERNTAYSKCYPYYVPDYATLRSLVASSGNLEFTQESFNWTGVAQDGSSYSCKRGSVNSFFSRLNWLYNLNYNYPEQNVTMPNNDKFDKLYIWGVHHPGTDKDQTNLYAQAPGRVIVSTKRSQQTVTPTIGSRPWVRGVSSIISIYWTIVKPGDMLLINSTGNLIAPRGYFKIRNGKSSIMRSDAHLDECNSECITPNGSISNDKPFQNVNKITYGACPXYVKQNTLKLATGMRNVPEKQTR
A02257337|2018-09-14|cluster_IVA,QELPGNDNSMATLCLGHHAVPNGTFVKTITDDQIEVTNATELVQNSSTGRICNSPHQILDGGNCTLIDALLGDPHCDNLRDKEWDLFVERSTAYSNCYPYYVPDYATLRSLVASSGNLKFTQESFNWTGVDQDGSSYACRRGSVKSFFSRLNWLYHLEHKYPEQNVTMPNNDKFDKLYIWGVHHPGTENDQTYLYVQASGRVIVSTKRSQQTVIPNIGSRPWVRGVSSIISIHWTIVKPGDILLINSTGNLIAPRGYFKIQSGKSSIMRSDAHIDECYSECITPNGSISNDKPFQNVNKITYGACPRYVKQNTLKLATGMRNVPEKQNR
A02257962|2018-10-05|cluster_IVA,QELPGNDNSMATLCLGHHAVPNGTFVKTITDDQIEVTNATELVQNSSTGRICNSPHQILDGGNCTLIDALLGDPHCDNLRDKEWDLFVERSTAYSNCYPYYVPDYATLRSLVASSGNLKFTQESFNWTGVDQDGSSYACRRGSVKSFFSRLNWLYHLEHKYPEQNVTMPNNDKFDKLYIWGVHHPGTENDQTYLYVQASGRVIVSTKRSQQTVIPNIGSRPWVRGVSSIISIHWTIVKPGDILLINSTGNLIAPRGYFKIQSGKSSIMRSDAHIDECYSECITPNGSISNDKPFQNVNKITYGACPRYVKQNTLKLATGMRNVPEKQNR
A02266068|2018-10-09|cluster_IVA,QKLSGSDNSMATLCLGHHAVPNGTLVKTITDDQIEVTNATELVQSSSTGRICNSPHQILDGKNCTLIDALLGDPHCDDFQNKEWDLFVERSTAYSNCYPYYVPDYATLRSLVASSGNLKFTQESFNWTGVAQDGSSYACRRGSVNSFFSRLNWLYNLNYKYPEQNVTMPNNDKFDKLYIWGVHHPGTDKDQTNLYVQASGKVIVSTKRSQQTVVPNVGSRPWVRGVSSIISIYWTIVKPGDILLINSTGNLIAPRGYFKIQSGKSSIMRSDAHIDECNSECITPNGSIPNGKPFQNVNKITYGACPRYVKQNTLKLATGMRNVPEKQTR
A02270002|2018-11-19|cluster_IVA,QRLPRSDNNMATLCLGHHAVPNGTLVKTITDDQIEVTNATELVQSSSTGRICNSPHQILDGKNCTLIDALLGDPHCDDFQNKEWDLFVERSTAXSSCYPYYVPDYATLRSLVASSGNLGFTQESFNWTGVAQDGSSFSCRRGSVKSFFSRLNWLHKLNYKYPEQNVTMPNNDKFDKLYIWGVHHPGTNEDQTNLYVHASGRVIVSTKRSQQTVIPNIGSRPWVRGVSSIISIYWTIVKPGDILLINSTGNLIAPRGYFKIQSGKSSIMRSDAHIDECNSECITPNGSISNDKPFQNVNKITYGACPRYVKQNTLKLATGMRNVPEKQTR
A02427656|2018-12-17|cluster_IVA,KKFPGNDNNMATLCLGHHAVPNGTLVKTITDEQIEVTNATELVQSSSTXRICNSPYKILDGENCTLIDALLGDPNCDDFQNKEWDLFVERSTAYSSCYPYYVPEYATLRSLVASSGNLEFTQESFNWTGVAQDGSSYACRRGSVNSFFSRLNWLYNLNYKYPEQNVTMPNNDKFDKLYIWGVHHPGTDKDQNNLYVQAPGRVTVSTKRSQQTVIPNIGYRPWARGVSSIISIYWTIVKPGDILLINSTGNLIAPRGYFKIQSGKSSIMRSDAHIDECNSECITPNGSIPNDKPFQNVNKITYGACPRYVRQNTLKLATGMRNVPEKQTR
A02429953|2019-01-28|cluster_IVA,QKLPGSDNSMATLCLGHHAVPNGTLVKTITDDQIEVTNATELVQSSSTGRICNSPHQILDGKNCTLIDALLGDPHCDDFQNKEWDLFVERSTAYSSCYPYYVPDYATLRSLVASSGNLKFTQEIFNWTGVTQDGSSYSCRRGSVNSFFSRLNWLYHLNYKYPEQNVTMPNNDKFDKLYIWGVHHPGTDKDQTNLYVQASGRVIVSTRRSQQTVIPNIGSRPWVRGVSSIISIYWTIVKPGDILLINSTGNLIAPRGYFKIQSGKSSIMRSDAHIDECNSECITPNGSISNDKPFQNVNKITYGACPRYVKQNTLKLATGMRNIPEKQTR
A02430272|2019-02-11|cluster_IVA,QKLPGSDNNMATLCLGHHAVPNGTLVKTITDDQIEVTNATELVQSSSTGRICNSPHQILDGKNCTLIDALLGDPHCDDFQNKEWDLFVERSTAYSNCYPYYVPDYATLRSLVASSGNLEFTQESFNWTGVAQDGSSRACRRGSVNSFFSRLNWLYKLDYKYPEQNVTMPNNNKFDKLYIWGVHHPGTNNDQTNLYVQASGKVIVSTKRSQQTVIPNVGSRPWVRGVSSIISIYWTIVKPGDILVINSTGNLIAPRGYFKIQSGKSSIMRSDAHIDECNSECITPNGSISNGKPFQNVNKITYGACPRYVKQNTLKLATGMRNVPEKQTR
A02430278|2019-02-12|cluster_IVA,QKLPGSDNSMATLCLGHHAVPNGTLVKTITDDQIEVTNATELVQSSSTGRICNSPHQILDGKNCTLIDALLGDPHCDDFQNKEWDLFVERSTAYSSCYPYYVPDYATLRSLVASSGNLKFTQEIFNWTGVTQDGSSYSCRRGSVNSFFSRLNWLYHLNYKYPEQNVTMPNNDKFDKLYIWGVHHPGTDKDQTNLYVQASGRVIVSTRRSQQTVIPNIGSRPWVRGVSSIISIYWTIVKPGDILLINSTGNLIAPRGYFKIQSGKSSIMRSDAHIDECNSECITPNGSISNDKPFQNVNKITYGACPRYVKQNTLKLATGMRNIPEKQTR
A02430692|2019-02-25|cluster_IVA,QELPGNDNSMATLCLGHHAVPNGTFVKTITDDQIEVTNATELVQNSSTGRICNSPHQILDGGNCTLIDALLGDPHCDNLRDKEWDLFVERSTAYSNCYPYYVPDYATLRSLVASSGNLKFTQESFNWTGVDQDGSSYACRRGSVKSFFSRLNWLYHLEHKYPEQNVTMPNNDKFDKLYIWGVHHPGTENDQTYLYVQASGRVIVSTKRSQQTVIPNIGSRPWVRGVSSIISIHWTIVKPGDILLINSTGNLIAPRGYFKIQSGKSSIMRSDAHIDKCYSECITPNGSISNDKPFQNVNKITYGACPRYVKQNTLKLATGMRNVPEKQNR
A02431613|2019-03-25|cluster_IVA,QKLPGSDNSMATLCLGHHAVPNGTLVKTITDDQIEVTNATELVQSSSTGRICNSPHQILDGKNCTLIDALLGDPHCDDFQNKEWDLFVERSTAYSSCYPYYVPDYATLRSLVASSGNLKFTQEIFNWTGVTQDGSSYSCRRGSVNSFFSRLNWLYHLNYKYPEQNVTMPNNDKFDKLYIWGVHHPGTDKDQTNLYVQASGRVIVSTRRSQQTVIPNIGSRPWVRGVSSIISIYWTIVKPGDILLIKSTGNLIAPRGYFKIQSGKSSIMRSDAHIDECNSECITPNGSISNDKPFQNVNKITYGACPRYVKQNTLKLATGMRNIPEKQTR
A02431880|2019-04-01|cluster_IVA,QKLSGSDNSMATLCLGHHAVPNGTLVKTITDDQIEVTNATELVQSSSTGRICNSPHQILDGKNCTLIDALLGDPHCDDFQNKEWDLFVERSTAYSDCYPYYVPDYATLRSLVASSGNLKFTQESFNWTGVAQDGSSYACRRGSVNSFFSRLNWLYNLNYKYPEQNVTMPNNDKFDKLYIWGVHHPGTDKDQTNLYVQASGKVIVSTKRSQQTVIPNVGSRPWARGVSSIISIYWTIVKPGDILLINSTGNLIAPRGYFKIQSGKSSIMRSDAHIDECNSECITPNGSISNGKPFQNVNKITYGACPRYVKQNTLKLATGMRNVPEKQTR
A02431948|2019-04-05|cluster_IVA,QKLPGSDNSMATLCLGHHAVPNGTLVKTITDDQIEVTNATELVQSSSTGRICNSPHQILDGKNCTLIDALLGDPHCDDFQNKEWDLFVERSTAYSSCYPYYVPDYTTLRSLVASSGNLKFTQEIFNWTGVAQDGSSYSCRRGSVNSFFSRLNWLYHLNYKYPEQNVTMPNNDKFDKLYIWGVHHPGTDKDQTNLYVQASGRVIVSTRRSQQTVIPNIGSRPWVRGVSSIISIYWTIVKPGDILLINSTGNLIAPRGYFKIQSGKSSIMRSDANIDECNSECITPNGSISNDKPFQNVNKITYGACPRYVKQNTLKLATGMRNVPEKQTR
A02431991|2019-04-08|cluster_IVA,QKLPGSDNNMATLCLGHHAVPNGTLVKTITDDQIEVTNATELVQSSSTGRICNSPHQILDGKNCTLIDALLGDPHCDDFQNKEWDLFVERSTAYSNCYPYYVPDYATLRSLVASSGNLEFTQESFNWTGVAQDGSSRACRRGSVNSFFSRLNWLYKLDYKYPEQNVTMPNNNKFDKLYIWGVHHPGTNNDQTNLYVQASGKVIVSTKRSQQTVIPNVGSRPWVRGVSSIISIYWTIVKPGDILVINSTGNLIAPRGYFKIQSGKSSIMRSDAHIDECNSECITPNGSISNGKPFQNVNKITYGACPRYVKQNTLKLATGMRNVPEKQTR
A02432059|2019-04-10|cluster_IVA,QKLSGSDNSMATLCLGHHAVPNGTLVKTITDDQIEVTNATELVQSSSTGRICNSPHQILDGKNCTLIDALLGDPHCDDFQNKEWDLFVERSTAYSDCYPYYVPDYATLRSLVASSGNLKFTQESFNWTGVAQDGSSYACRRGSVNSFFSRLNWLYNLNYKYPEQNVTMPNNDKFDKLYIWGVHHPGTDKDQTNLYVQASGKVIVSTKRSQQTVIPNVGSRPWVRGVSSIISIYWTIVKPGDILLINSTGNLIAPRGYFKIQSGKSSIMRSDAHIDECNSECITPNGSISNGKPFQNVNKITYGACPRYVKQNTLKLATGMRNVPEKQTR
A02432156|2019-04-15|cluster_IVA,QELPGNDNSMATLCLGHHAVPNGTFVKTITDDQIEVTNATELVQNSSTGRICNSPHQILDGGNCTLIDALLGDPHCDNLRDKEWDLFVERSTAYSNCYPYYVPDYATLRSLVASSGNLKFTQESFNWTGVDQDGSSYACRRGSVKSFFSRLNWLYHLEHKYPEQNVTMPNNDKFDKLYIWGVHHPGTENDQTYLYVQASGRVIVSTKRSQQTVIPNIGSRPWVRGVSSIISIHWTIVKPGDILLINSTGNLIAPRGYFKIQSGKSSIMRSDAHIEECYSECITPNGSISNDKPFQNVNKITYGACPRYVKQNTLKLATGMRNVPEKQNR
A02478449|2019-04-29|cluster_IVA,QKLPGSDNSMATLCLGHHAVPNGTLVKTITDDQIEVTNATELVQSSSTGRICNSPHQILDGKNCTLIDALLGDPHCDDFQNKEWDLFVERSTAYSSCYPYYVPDYATLRSLVASSGNLKFTQEIFNWTGVTQDGSSYSCRRGSVNSFFSRLNWLYHLNYKYPEQNVTMPNNDKFDKLYIWGVHHPGTDKDQTNLYVQASGRVIVSTRRSQQTVIPNIGSRPWVRGVSSIISIYWTIVKPGDILLINSTGNLIAPRGYFKIQSGKSSIMRSDAHIDECNSECITPNGSISNDKPFQNVNKITYGACPRYVKQNTLKLATGMRNIPEKQTR
A02478455|2019-05-06|cluster_IVA,QKLPGSDNSMATLCLGHHAVPNGTLVKTITDDQIEVTNATELVQSSSTGRICNSPHQILDGKNCTLIDALLGDPHCDDFQNKEWDLFVERSTAYSSCYPYYVPDYATLRSLVASSGNLKFTQEIFNWTGVTQDGSSYSCRRGSVNSFFSRLNWLYHLNYKYPEQNVTMPNNDKFDKLYIWGVHHPGTDKDQTNLYVQASGRVIVSTRRSQQTVIPNIGSRPWVRGVSSIISIYWTIVKPGDILLINSTGNLIAPRGYFKIQSGKSSIMRSDAHIDECNSECITPNGSISNDKPFQNVNKITYGACPRYVKQNTLKLATGMRNIPEKQTR
A02478493|2019-05-20|cluster_IVA,QKLPGSDNSMATLCLGHHAVPNGTLVKTITDDQIEVTNATELVQSSSTGRICNSPHQILDGKNCTLIDALLGDPHCDDFQNKEWDLFVERSTAYSSCYPYYVPDYATLRSLVASSGNLKFNQEIFNWTGVTQDGSSYSCRRGSVNSFFSRLNWLYHLNYKYPEQNVTMPNNDKFDKLYIWGVHHPGTDKDQTNLYVQASGRVIVSTRRSQQTVIPNIGSRPWVRGVSSIISIYWTIVKPGDILLINSTGNLIAPRGYFKIQSGKSSIMRSDAHIDECNSECITPNGSISNDKPFQNVNKITYGACPRYVKQNTLKLATGMRNIPEKQTR
A02478494|2019-05-20|cluster_IVA,QKLPGSDNSMATLCLGHHAVPNGTLVKTITDDQIEVTNATELVQSSSTGRICNSPHQILDGKNCTLIDALLGDPHCDDFQNKEWDLFVERSTAYSSCYPYYVPDYATLRSLVASSGNLKFTQEIFNWTGVTQDGSSYSCRRGSVNSFFSRLNWLYHLNYKYPEQNVTMPNNDKFDKLYIWGVHHPGTDKDQTNLYVQASGRVIVSTRRSQQTVIPNIGSRPWVRGVSSIISIYWTIVKPGDILLINSTGNLIAPRGYFKIQSGKSSIMRSDAHIDECNSECITPNGSISNDKPFQNVNKITYGACPRYVKQNTLKLATGMRNIPEKQTR
A02478510|2019-05-30|cluster_IVA,QKLPGSDNSMATLCLGHHAVPNGTLVKTITDDQIEVTNATELVQSSSTGRICNSPHQILDGKNCTLIDALLGDPHCDDFQNKEWDLFVERSTAYSSCYPYYVPDYATLRSLVASSGNLKFNQEIFNWTGVTQDGSSYSCRRGSVNSFFSRLNWLYHLNYKYPEQNVTMPNNDKFDKLYIWGVHHPGTDKDQTNLYVQASGRVIVSTRRSQQTVIPNIGSRPWVRGVSSIISIYWTIVKPGDILLINSTGNLIAPRGYFKIQSGKSSIMRSDAHIDECNSECITPNGSISNDKPFQNVNKITYGACPRYVKQNTLKLATGMRNIPEKQTR
A02478516|2019-05-30|cluster_IVA,QKLPGSDNSMATLCLGHHAVPNGTLVKTITDDQIEVTNATELVQSSSTGRICNSPHQILDGKNCTLIDALLGDPHCDDFQNKEWDLFVERSTAYSSCYPYYVPDYATLRSLVASSGNLKFTQEIFNWTGVAQDGSSYSCRKGSVNSFFSRLNWLYHLNYKYPEQNVTMPNNDKFDKLYIWGVHHPGTDKDQTNLYVQASGRVIVSTRRSQQTVIPNIGSRPWVRGVSSIISIYWTIVKPGDILLINSTGNLIAPRGYFKIQSGKSSIMRSDAHIDECNSECITPNGSISNDKPFQNVNKITYGACPRYVKQNTLKLATGMRNIPEKQTR
A02478536|2019-06-10|cluster_IVA,QKLPGSDNSMATLCLGHHAVPNGTLVKTITDDQIEVTNATELVQSSSTGRICNSPHQILDGKNCTLIDALLGDPHCDDFQNKEWDLFVERSTAYSSCYPYYVPDYATLRSLVASSGNLKFTQEIFNWTGVTQDGSSYSCRRGSVNSFFSRLNWLYHLNYKYPEQNVIMPNNDKFDKLYIWGVHHPGTDKDQTNLYVQASGRVVVSTRRSQQTVIPNIGSRPWVRGVSSIISIYWTIVKPGDILLINSTGNLIAPRGYFKIQSGKSSIMRSDAHIDECNSECITPNGSISNDKPFQNVNKITYGACPRYVKQNTLKLATGMRNIPEKQTR
A02478542|2019-06-17|cluster_IVA,QKLPGSDNSMATLCLGHHAVPNGTLVKTITDDQIEVTNATELVQSSSTGRICNSPHQILDGKNCTLIDALLGDPHCDDFQNKEWDLFVERSTAYSSCYPYYVPDYATLRSLVASSGNLKFTQEIFNWTGVTQDGSSYSCRRGSVNSFFSRLNWLYHLNYKYPEQNVTMPNNDKFDKLYIWGVHHPGTDKDQTNLYVQASGRVIVSTRRSQQTVIPNIGSRPWVRGVSSIISIYWTIVKPGDILLINSTGNLIAPRGYFKIQSGKSSIMRSDAHIDECNSECITPNGSISNDKPFQNVNKITYGACPRYVKQNTLKLATGMRNIPEKQTR
A02478553|2019-06-24|cluster_IVA,QKLPGSDNSMATLCLGHHAVPNGTLVKTITDDQIEVTNATELVQSSSTGRICNSPHQILDGKNCTLIDALLGDPHCDDFQNKEWDLFVERSTAYSSCYPYYVPDYTTLRSLVASSGNLKFTQEIFNWTGVAQDGSSYSCRKGSVNSFFSRLNWLYHLNYKYPEQNVTMPNNDKFDKLYIWGVHHPGTDKDQTNLYVQASGRVIVSTRRSQQTVIPNIGSRPWVRGVSSIISIYWTIVKPGDILLINSTGNLIAPRGYFKIQSGKSSIMRSDAHIDECNSECITPNGSISNDKPFQNVNKITYGACPRYVKQNTLKLATGMRNIPEKQTR
A02478554|2019-06-24|cluster_IVA,QKLPGSDNSMATLCLGHHAVPNGTLVKTITDDQIEVTNATELVQSSSTGRICNSPHQILDGKNCTLIDALLGDPHCDDFQNKEWDLFVERSTAYSSCYPYYVPDYATLRSLVASSGNLKFNQEIFNWTGVTQDGSSYSCRRGSVNSFFSRLNWLYHLNYKYPEQNVTMPNNDKFDKLYIWGVHHPGTDKDQTNLYVQASGRVIVSTRRSQQTVIPNIGSRPWVRGVSSIISIYWTIVKPGDILLINSTGNLIAPRGYFKIQSGKSSIMRSDAHIDECNSECITPNGSISNDKPFQNVNKITYGACPRYVKQNTLKLATGMRNIPEKQTR
A02478564|2019-07-01|cluster_IVA,QKLPGSDNSMATLCLGHHAVPNGTLVKTITDDQIEVTNATELVQSSSTGRICNSPHQILDGKNCTLIDALLGDPHCDDFQNKEWDLFVERSTAYSSCYPYYVPDYATLRSLVASSGNLKFNQEIFNWTGVTQDGSSYSCRRGSVNSFFSRLNWLYHLNYKYPEQNVTMPNNDKFDKLYIWGVHHPGTDKDQTNLYVQASGRVIVSTRRSQQTVIPNIGSRPWVRGVSSIISIYWTIVKPGDILLINSTGNLIAPRGYFKIQSGKSSIMRSDAHIDECNSECITPNGSISNDKPFQNVNKITYGACPRYVKQNTLKLATGMRNIPEKQTR
A02478578|2019-07-10|cluster_IVA,QKLPGSDNSMATLCLGHHAVPNGTLVKTITDDQIEVTNATELVQSSSTGRICNSPHQILDGKNCTLIDALLGDPHCDDFQNKEWDLFVERSTAYSSCYPYYVPDYATLRSLVASSGNLKFTQEIFNWTGIAQDGSSYSCRKGSVNSFFSRLNWLYHLNYKYPEQNVTMPNNDKFDKLYIWGVHHPGTDKDQTNLYVQASGRVIVSTRRSQQTVIPNIGSRPWVRGVSSIISIYWTIVKPGDILLINSTGNLIAPRGYFKIQSGKSSIMRSDAHIDECNSECITPNGSISNDKPFQNVNKITYGACPRYVKQNTLKLATGMRNIPEKQTR
A02478600|2019-07-29|cluster_IVA,QKLPGSDNSMATLCLGHHAVPNGTLVKTITDDQIEVTNATELVQSSSTGRICNSPHQILDGKNCTLIDALLGDPHCDDFQNKEWDLFVERSTAYSSCYPYYVPDYATLRSLVASSGNLKFNQEIFNWTGVTQDGSSYSCRRGSVNSFFSRLNWLYHLNYKYPEQNVTMPNNDKFDKLYIWGVHHPGTDKDQTNLYVQASGRVIVSTRRSQQTVIPNIGSRPWVRGVSSIISIYWTIVKPGDILLINSTGNLIAPRGYFKIQSGKSSIMRSDAHIDECNSECITPNGSISNDKPFQNVNKITYGACPRYVKQNTLKLATGMRNIPEKQTR
A02478604|2019-08-05|cluster_IVA,QKLPGSDNSMATLCLGHHAVPNGTLVKTITDDQIEVTNATELVQSSSTGRICNSPHQILDGKNCXLIDALLGDPHCDDFQNKEWDLFVERSTAYSSCYPYYVPDYATLRSLVASSGNLKFTQEIFNWTGVTQDGSSYSCRRGSVNSFFSRLNWLYHLNYKYPEQNVTMPNNDKFDKLYIWGVHHPGTDKDQTNLYVQASGRVIVSTRRSQQTVIPNIGSRPWVRGVSSIISIYWTIVKPGDILLINSTGNLIAPRGYFKIQSGKSSIMRSDAHIDECNSECITPNGSISNDKPFQNVNKITYGACPRYVKQNTLKLATGMRNIPEKQTR
A02478605|2019-08-06|cluster_IVA,QKLPGSDNSMATLCLGHHAVPNGTLVKTITDDQIEVTNATELVQISSTGRICNSPHQILDGKNCTLIDALLGDPHCDDFQNKEWDLFVERSTAYSSCYPYYVPDYATLRSLVASSGNLKFTQEIFNWTGVAQDGSSYSCRRGSVNSFFSRLNWLYHLNYKYPEQNVTMPNNDKFDKLYIWGVHHPGTDKDQTNLYVQASGRVIVSTRRSQQTVIPNIGSRPWVRGVSSIISIYWTIVKPGDILLINSTGNLIAPRGYFKIQSGKSSIMRSDAHIDECNSECITPNGSISNDKPFQNVNKITYGACPRYVKQNTLKLATGMRNIPEKQTR
A02478607|2019-08-12|cluster_IVA,QRLPGSDNSMATLCLGHHAVPNGTLVKTITDDQIEVTNATELVQSSSTGRICNSPHQILDGKNCTLIDALLGDPHCDDFQNKEWDLFVERSTAYSSCYPYYVPDYATLRSIVASSGNLEFTQESFNWTGVAQDGSSFSCRRGSDNSFFSRLNWLHKLNYKYPEQNVTMPNNDKFDKLYIWGVHHPGTDKDQTNLYVHESGRVIVSTKRSQQTVIPNIGSRPWVRGVSSIISIYWTIVKPGDTLVINSTGNLIAPRGYFKIQSGKSSIMRSDAHIDECNSECITPNGSISNDKPFQNVNKITYGACPRYVKQNTLKLATGMRNVPEKQTR
