A/swine/Iowa/A01480656/2014	QKLPGSDNSMATLCLGHHAVPNGTLVKTITDDQIEVTNATELVQSSSTGRICNSPHQILDGKNCTLIDALLGDPHCDDFQNKEWDLFVERSTAYSNCYPYYVPDYATLRSLVASSGNLEFTQESFNWTGVAQDGSSYACRRGSVKSFFSRLNWLYNLNYKYPEQNVTMPNNDKFDKLYIWGVHHPGTDKDQTNLYVQASGRVIVSTKRSQQTVIPNIGSRPWVRGVSSIISIYWTIVKPGDILLINSTGNLIAPRGYFKIQSGKSSIMRSDAHIDECNSECITPNGSISNDKPFQNVNKITYGACPRYVKQNTLKLATGMRNVPEKQTR	KYNNYK
A01728784|2016-01-04|cluster_IVA	QKLPVSDNSMATLCLGHHAVPNGTLVKTITDDQIEVTNATELVQNSSTGRICNSPHQILDGKNCTLIDALLGDPHCDDFQNKEWDLFVERSTAYSNCYPYYVPDYATLRSLVASSGNLEFTQESFNWTGVAQDGSSFACRRGSVKSFFSRLNWLYNLNSRYPEQNVTMPNNDKFDKLYIWGVHHPGTDKDQIYLYAQAPGRVIVSTKRSQQTVIPNIGSRPWVRGVSSIISIYWTIVKPGDMLLINSTGNLIAPRGYFKIKSGKSSIMRSDAHIDECNSECITPNGSISNDKPFQNVNKITYGACPRYVKQNTLKLATGMRNVPEKQTR	KYNNSK
A01729044|2016-01-07|cluster_IVA	QKLPGSDNSMATLCLGHHAVPNGTLVKTITDDQIEVTNATELVQSSSTGRICNSPHQILDGKNCTLIDALLGDPHCDDFQNKKWDLFVERSTAYSNCYPYYVPDYATLRSLIASSGNLEFTQESFNWTGVAQDGSSYACRRGSVKSFFSRLNWLYNLNYKYPEQNVIMPNNDKFDKLYIWGVHHPGTDKDQTNLYVQASGRVIVSTKRSQQTVIPNIGSXPWVRGVSSIISIYWTIVKPGDILLINSTGNLIAPRGYFKIQSGKSSIMRSDAHIDECNSECITPNGSIPNDKPFQNVNKITYGACPRFVKQKTLKLATGMRNVPEKQTR	KYNNYK
A01729047|2016-01-07|cluster_IVA	QKLPESDNSMATLCLGHHAVPNGTLVKTITDDQIEVTNATELVQSSSTDRICNSPHQILDGKNCTLIDALLGDPHCDDFQNKKWDLFVE*STAYSNCYPYYVPDYATLRSLIASSGNLEFTQESFNWTGVAQDGSSYACRRGSVNSFFSRLNWLYNLNYKYPEQNVTMPNNDKFDKLYIWGVHHPSTDKDQTNLYVQASGRVIVSTKRSQQTVSPNIGSRPWVRGVSSIISIYWTIVKPGDILLINSTGNLIAPRGYFKILSGKSSIMRSDAHIDECNSECITPNGSIPNDKPFQNVNKITYGACPRYVKQNTLKLATGMRNVPEKQTR	NYNNYK
A01729543|2016-01-14|cluster_IVA	QKLPGSDNSMATLCLGHHAVPNGTLVKTLTDDQIEVTNATELVQSSSTGRICNSPHQILDGKNCTLIDALLGDPHCDDFQNKEWDLFVERSTAYSNCYPYYVPDYATLRSIVASSGSLEFTQESFNWTGVSQDGSSHACRRGSVKSFFSRLNWLYNLNYKYPEQNVTMPNNDKFDKLYIWGVHHPGTDKDQTNLYVQASGRVIVSTKRGQQTVIPSIGSRPWVKGVSSIISIYWTIVKPGDILVINSTGNLIAPRGYFKIQSGKSSIMRSDAHIDECNSECITPNGSISNDKPFQNVNKITYGACPRYVKQNTLKLATGMRNVPEKQTR	KYNNYK
A01729547|2016-01-14|cluster_IVA	QKLPGGDNSMATLCLGHHAVPNGTLVKTITDDQIEVTNATELVQSSSTGRICNSPHQILDGKNCTLIDALLGDPHCDEFQNKKWDLFVERSTAYSNCYPYYVPDYATLRSLVASSGNLEFTQESFNWTGIAQDGSSYACKRGSGNSFFSRLNWLYKLNYKYPEQNVTMPNNDKFDKLYIWGVHHPGTDSDQTSLYVQASGKVIVSTKRSQQTVIPNIGSRPWVRGVSSIISIYWTIVKPGDILLINSTGNLIAPRGYFKIQNGKSSIMRSDAHIDECNSECITPNGSISNDKPFQNVNKITYGACPRYIKQNTLKLATGMRNVPEKQTR	NYKNYS
A01729658|2016-01-15|cluster_IVA	QNPPGSDNNMATLCLGHHSVPNGTLVKTITDDQIEVTNATELVQSSSTGRICNSPHQILDGKNCTLIDALLGDPHCDDFQNKEWDLFVERSTAYSNCYPYYVPDYATLRSLVASSGNLAFTQENFNWTGVAQDGSSYACRRGSVNSFFSRLNWLYNLNYKYPEQNVTMPNNDKFDKLYIWGVHHPGTDKDQTNLYVQASGRVIVSTKRSQQAVIPNIGSRPWIRGVSSIISIYWTIVKPGDILLINSTGNLIAPRGYFKIQSGKSSIMRSDAHIDECNSECITPNGSIPNDKPFQNVNKITYGACPRYVKQNTLKLATGMRNVPEKQTR	NYNNYK
A01730226|2016-01-26|cluster_IVA	QKLPGSDNSMATLCLGHHAVPNGTLVKTITDDQIEVTNATELVQSSSTGRICNSPHQILDGKNCTLIDALLGDPHCDDFQNKKWDLFVERSTAYSNCYPYYVPDYATLRSLIASSGNLEFTQESFNWTGVAQDGSSYACRRGSVKSFFSRLNWLYNLNYKYPEQNVTMPNNDKFDKLYIWGVHHPGMDKDQTNLYVQASGRVIVSTKRSQQTVIPSIGSRPWVRGVSSIISIYWTIVKPGDILLINSTGNLIAPRGYFKIQSGKSSIMRSDAHIDECNSECITPNGSIPNDKPFQNVNKITYGACPRYVKQNTLKLATGMRNVPEKQTR	KYNNYK
A01730466|2016-01-28|cluster_IVA	QKLPGSDNSMATLCLGHHAVPNGTLVKTITDDQIEVTNATELVQSSSTGRICNSPHQIIDGKNCTLIDALLGDPHCDDFQNKKWDLFVERSTAYSNCYPYYVPDYATLRSLIASSGNLEFTQESFNWTGVAQDGSSYACRRGSVKSFFSRLNWLYNLNYKYPEQNVTMPNNDKFDKLYIWGVHHPGTDKDQTNLYVQASGRVIVSTKRSQQTVIPNIGSRPWVRGVSSIISIYWTIVKPGDILLINSTGNLIAPRGYFKILSGKSSIMRSDAHIDECNSECITPNGSIPNDKPFQNVNKITYGACPRYVKQNTLKLATGMRNVPEKQTR	KYNNYK
A01730588|2016-01-29|cluster_IVA	QKLPGSDNSMATLCLGHHAVPNGTLVKTITDDQIEVTNATELVQSSSTGRICNSPHQILDGKNCTLIDALLGDPHCDDFQNKEWDLFVERSTAYSNCYPYYVPDYATLRSLVASSGNLKFTQESFNWTGVAQDGSSYACRRESANSFFSRLNWLYNLNYKYPEQNVTMPNNDRFDKLYIWGVHHPGTDKDQTNLYVQASGRVIVSTKRSQQTVTPNIGSRPWVRGVSSIISIYWTIVKPGDILLINSTGNLIAPRGYFKIQSGKSSIMRSDAHIDECNSECITPNGSIPNDKPFQNVNKITYGACPRYVKQKTLKLATGMRNVPEKQTR	NYNNYK
A01731777|2016-02-17|cluster_IVA	QKLPGGDNSMATLCLGHHAVPNGTLVKTITDDQIEVTNATELVQSSSTGRICNSPHQILDGKNCTLIDALLGDPHCDDFQNKKWDLFVERSTAYSNCYPYYVPDYATLRSLVASSGNLEFTQESFNWTGIAQDGSSYACKRGSGNSFFSRLNWLYKLNYKYPEQNVTMPNNDKFDKLYIWGVHHPGTDSDQTSLYVQASGKVIVSTKRSQQTVIPNIGSRPWVRGVSSIISIYWTIVKPGDILLINSTGNLIAPRGYFKIQNGKSSIMRSDAHIDECNSECITPNGSISNDKPFQNVNKITYGACPRYIKQNTLKLATGMRNVPEKQTR	NYKNYS
A01732197|2016-02-19|cluster_IVA	QKLPGSDNSMATLCLGHHAVPNGTLVKTITDDQIEVTNATELVQSSSTGRICNSPHQILDGKNCTLIDALLGDPHCDDFQNKKWDLFVERSTAYSNCYPYYVPDYATLRSLIASSGNLEFTQESFNWTGVAQDGSSYACRRSSVNSFFSRLNWLYNLNYKYPEQNVTVPNNDKFDKLYIWGVHHPGTDKDQTNLYVQASGRVIVSTKRSQQTVIPNIGSRPWVRGVSSIISIYWTIVKPGDILLINSTGNLIAPRGYFKIQSGKSSIMRSDAHIDECNSECITPNGSIPNDKPFQNVNKITYGACPRYVKQNTLKLATGMRNVPEKQTR	NYNNYK
A01732322|2016-02-24|cluster_IVA	QKLPGSDNSMATLCLGHHAVPNGTLVKTITDDQIEVTNATELVQSSSTGRICNSPHQILDGKNCTLIDALLGDPHCDDFQNKKWDLFVERSTAYSNCYPYYVPDYATLRSLIASSGNLEFTQESFNWTGVAQDGSSYACRRGSVNSFFSRLNWLYNLNYKYPEQNVTMPNNDKFDKLYIWGVHHPGTDKDQTNLYVQASGRVIVSTKRSQQTVIPNIGSRPWVRGVSSIISIYWTIVKPGDILLINSTGNLIAPRGYFKIQSGKSSIMRSDAHIDECNSECVTPNGSIPNDKPFQNVNKITYGACPRYIKQNTLKLATGMRNVPEKQTR	NYNNYK
A01732588|2016-02-29|cluster_IVA	QKLPESDNSMAMLCLGHHAVPNGTLVKTITDDQIEVTNATELVQSSSTGRICNSPHQILDGKNCTLIDALLGDPHCDDFQNKEWDLFVERSTAYSNCYPYYVPDYATLRSLVASSGTLEFTQESFNWTGVAQDGSSYACRRRSVKSFFSRLNWLYHLNNKYPEQNVTMPNNDKFDKLYIWGVHHPGTDNDQTYLYAQAPGRVIVSTKRSQQTVIPNIGSRPWVRGVSSIISIYWTIVKPGDMLLINSTGNLIAPRGYFKIQSGKSSIMRSDAHIDECNSECITPNGSIPNDKPFQNVNKITYGACPRYVKQNTLKLATGMRNVPEKQTR	KYHNNN
A01732888|2016-03-07|cluster_IVA	QKLPGSDNSMATLCLGHHAVPNGTLVKTITDDQIEVTNATELVQSSSTGRICNSPHQILDGKNCTLIDALLGDPHCDDFQNKKWDLFVERSTAYSNCYPYYVPDYATLRSLIASSGNLEFTQESFNWTGVAQDGSSYACRRGSVNSFFSRLNWLYNLNYKYPEQNVTMPNNDKFDKLYIWGVHHPGMDKDQTNLYVQASGRVIVSTKRSQQTVIPSIGSRPWVRGVSSIISIYWTIVKPGDILLINSTGNLIAPRGYFKIQSGKSSIMRSDAHIDECNSECITPNGSIPNDKPFQNVNKITYGACPRYVKQNTLKLATGMRNVPEKQTR	NYNNYK
A01732941|2016-03-08|cluster_IVA	QKLPGSDNSMATLCLGHHAVPNGTLVKTITDDQIEVTNATELVQNSSTGRICNSPHQILDGKNCTLIDALLGDPHCDDLQNKKWDLFVERSTAYSNCYPYYVPDYATLRSLIASSGNLEFTQESFNWTGVAQDGSSYACKRGSVKSFFSRLNWLYNLNYKYPEQNVTMPNNDKFDKLYIWGVHHPGTDKDQTNLYVQASGRVIVSTKRSQQTVIPNIGSRPWVRGVSSIISIYWTIVKPGDILLINSTGNLIAPRGYFKIQSGESSIMRSDAHIDECNSECITPNGSIPNDKPFQNVNKITYGACPRYVKQNTLKLATGMRNVPEKQTR	KYNNYK
A01733626|2016-03-16|cluster_IVA	QKLPGSDNSMATLCLGHHAVPNGTLVKTLTDDQIEVTNATELVQSSSTGRICNSPHQILDGKNCTLIDALLGDPHCDDFQNKKWDLFVERSTAYSNCYPYYVPDYATLRSLVASSGNLEFTQENFNWTGVDQGGSSNTCKRGSVSSFFSRLNWLYKLNYKYPEQNVAMPNNDKFDKLYIWGVHHPGTDKDQTNLYAQASGRVVVSTKRSQQTVIPNIGSVPWVRGVSSIISIYWTIVKPGDILLINSTGNLIAPRGYFKIQSGKSSIMKSDAHIDECNSECITPNGSIPNDKPFQNVNKITYGACPRYVKQNTLKLATGMRNVPEKQTR	SYKNYK
A01733733|2016-03-18|cluster_IVA	QKLPGSDNSMATLCLGHHAVPNGTLVKTITDDQIEVTNATELVQSSSTGRICNSPHQILDGKNCTLIDALLGDPHCDDFQNKKWDLFVERSTAYSNCYPYYVPDYATLRSLIASSGNLEFTQESFNWTGVTQDGSSNACRRGSVKSFFSRLNWLYNLNYKYPEQNVTMPNNDKFDKLYIWGVHHPGTDKDQTNLYVQASGRVIVSTKRSQQTVIPNIGSRPWVRGVSSIISIYWTIVKPGDILLINSTGNLIAPRGYFKIQSEKSSIMRSDAHIDECNSECITPNGSIPNDKPFQNVNKITYGACPRYVKQNTLKLATGMRNVPEKQTR	KYNNYK
A01894277|2016-03-28|cluster_IVA	QKLPGSDNSMATLCLGHHAVPNGTLVKTITDDQIEVTNATELVQSSSTGRICNSPHQILDGKNCTLIDALLGDPHCDDFQNKKWDLFVERSTAYSNCYPYYVPDYATLRSLIASSGNLEFTQESFNWTGVAQDGSSYACRRGSVNSFFSRLNWLYNLNYKYPEQNVTMPNNDKFDKLYIWGVHHPGMDKDQTNLYVQASGRVIVSTKRSQQTVIPSIGSRPWVRGVSSIISIYWTIVKPGDILLINSTGNLIAPRGYFKIQSGKSSIMRSDAHIDECNSECITPNGSIPNDKPFQNVNKITYGACPRYVKQNTLKLATGMRNVPEKQTR	NYNNYK
A01894589|2016-04-01|cluster_IVA	QKLPGSDNSMATLCLGHHAVPNGTLVKTLTDDQIEVTNATELVQSSSTGRICNSPHQILDGKNCTLIDALLGDPHCDDFQNKKWDLFVERSTAYSNCYPYYVPDYATLRSLVASSGNLEFTQENFNWTGVDQGGSSYTCKRGSVSSFFSRLNWLYKLNYKYPEQNVNMPNNDKFDKLYIWGVHHPGTDKDQTNLYAQASGRVVVSTKRSQQTVIPNIGSVPWVRGVSSIISIYWTIVKPGDILLINSTGNLIAPRGYFKIQSGKSSIMKSDAHIDECNSECITPNGSIPNDKPFQNVNKITYGACPRYVKQNTLKLATGMRNVPXKQTR	SYKNYK
A01895671|2016-04-19|cluster_IVA	QKLPESDNSMATLCLGHHAVPNGTLVKTITDDQIEVTNATELVQSSSTGRICNSPHQILDGKNCTLIDALLGDPHCDDFQNKEWDLFVERSTAYSNCYPYHVPDYATLRSLVASSGNLEFTQESFNWTGVTQDGSSYACRRRSVKSFFSRLNWLYNLNNKYPEQNVTMPNNDKFDKLYIWGVHHPGTDNDQTYLYAQAPGRVIVSTKRSQQTVIPNIGSRPWVRGVSSIISIYWTIVKPGDMLLINSTGNLIAPRGYFKIQSGKSSIMRSDAHIDECNSECITPNGSIPNDKPFQNVNKITYGACPRYVKQNTLKLATGMRNVPEKQTR	KYNNNN
A01895763|2016-04-20|cluster_IVA	QKLPGSDNSMATLCLGHHAVPNGTLVKTITDDQIEVTNATELVQSSSTGRICNSPHQILDGKNCTLIDALLGDPHCDDFQNKKWDLFVERSTAYSNCYPYYVPDYATLRSLIASSGNLEFTQESFNWTGVAQDGSSYACRRGSVNSFFSRLNWLYNLNYKYPEQNVTMPNDDKFDKLYIWGVHHPGTDKDQTNLYVQASGRVIVSTKRSQQTVIPNIGSRPWVRGVSSIISIYWTIVKPGDILLINSTGNLIAPRGYFKIQSGKSSIMRSDAHIDECNSECVTPNGSIPNDKPFQNVNKITYGACPRYIKQNTLKLATGMRNVPEKQTR	NYNNYK
A01895772|2016-04-20|cluster_IVA	QKLPGSDNSMATLCLGHHAVPNGTLVKTITDDQIEVTNATELVQSSSTGRICNSPHQILDGKNCTLIDALLGDPHCDDFQNKKWDLFVERSTAYSNCYPYYVPDYATLRSLIASSGNLEFTQESFNWTGVAQGGSSYACKRGSVNSFFSRLNWLYNLNYKYPEQNVTMPNNDKFDKLYIWGVHHPGTDKDQTNLYVQASGRVIVSTKRSQQTVIPSIGSRPWVRGVSSIISIYWTIVKPGDILLINSTGNLIAPRGYFKIQSGKSSIMRSDAHIDECNSECITPNGSIPNDKPFQNVNKITYGACPRYVKQNTLKLATGMRNVPEKQTR	NYNNYK
A01895828|2016-04-20|cluster_IVA	QKLPGGDNSMATLCLGHHAVPNGTLVKTITDDQIEVTNATELVQSSSTGRICNSPHQILDGKNCTLIDALLGDPHCDDFQNKKWDLFVERSTAYSNCYPYYVPDYATLRSLVASSGNLEFTQESFNWTGIAQDGSSYACKRGSGNSFFSRLNWLHKLNYKYPEQNVTMPNNDKFDKLYIWGVHHPGTDSDQTSLYVQASGKVIVSTKRSQQTVIPNIGSRPWVRGVSSIISIYWTIVKPGDILLINSTGNLIAPRGYFKIQNGKSSIMRSDAHIDGCNSECITPNGSISNDKPFQNVNKITYGACPRYIKQNTLKLATGMRNVPEKQTR	NHKNYS
A01895864|2016-04-21|cluster_IVA	QKLPGGDNSMATLCLGHHAVPNGTLVKTITDDQIEVTNATELVQSSSTGRICNSPHQILDGKNCTLIDALLGDPHCDEFQNKKWDLFVERSTAYSNCYPYYVPDYATLRSLVASSGNLEFTQESFNWTGIAQDGSSYACKRGSGNSFFSRLNWLYKLNYKYPEQNVTMPNNDKFDKLYIWGVHHPGTDSDQTSLYVQASGKVIVSTKRSQQTVIPNIGSRPWVRGVSSIISIYWTIVKPGDILLINSTGNLIAPRGYFKIQNGKSSIMRSDAHIDECNSECITPNGSISNDKPFQNVNKITYGACPRYIKQNTLKLATGMRNVPEKQTR	NYKNYS
A01895932|2016-04-22|cluster_IVA	QKLPGSDNSMATLCLGHHAVPNGTLVKTITDDQIEVTNATELVQSSSTGSICNSPHQILDGKNCTLIDALLGDPHCDGFQNKKWDLFVERSTAYSNCYPYYVPDYATLRSLIASSGNLEFTQESFNWTGVAQDGSSYACRRGSVNSFFSRLNWLYKLNYKYPEQNVIMPNNDKFDKLYIWGVHHPGTDKDQTNLYVQASGRVIVSTKRSQQTVIPNIGSRPWVRGVSSIISIYWTIVKPGDILLINSTGNLIAPRGYFKILSGKSSIMRSDAHIDECNSECITPNGSIPNDKPFQNVNKITYGACPRYVKQNTLKLATGMRNVPEKQTR	NYKNYK
A01775092|2016-05-12|cluster_IVA	QKLPGSDDSMATLCLGHHAVPNGTLVKTITDDQIEVTNATELVQSSSTGKICNSPHHILDGKNCTLIDALLGDPHCDDFQNKKWDLFVERSTAYSNCYPYYVPDYATLRSLVASSGNLEFTQEIFNWTGVAQDGSSYACRRGSDKSFFSRLNWLYHLDYNYPEQNVTMPNNNQFDKLYIWGVHHPGTDKDQTSLYAQTSGRVIVSTKRSQQTVIPNIGSRPWVRGVSSIISIYWTIVKPGDILLINSTGNLIAPRGYFKIQSGKSSIMRSDAHIDECNSECITPNGSISNDKPFQNVNKITYGACPRYIKQNTLKLATGMRNVPEKQTR	KYHDYK
A01775461|2016-05-18|cluster_IVA	QKLPGSDNSMATLCLGHHAVPNGTLVKTITDDQIEVTNATELVQNSSTGRICNSPHQILDGKNCTLIDALLGDPHCDDFQNKKWDLFVERSTAYSNCYPYYVPDYATLRSLIASSGNLEFTQESFNWTGVAQDGSSYACKRGPVKSFFSRLNWLYNLNYKYPEQNVTMPNNDKFDKLYIWGVHHPGTDKDQTNLYVQASGRVIVSTKRSQQTVIPNIGSRPWVRGVSSIISIYWTIVKPGDILLINSTGNLIAPRGYFKIQSGESSIMRSDAHIDECNSECITPNGSIPNDKPFQNVNKITYGACPRYVKQNTLKLATGMRNVPEKQTR	KYNNYK
A01775853|2016-05-25|cluster_IVA	QKLPVSDNSMATLCLGHHAVPNGTLVKTITDDQIEVTNATELVQNSSTGRICNSPHQILDGKNCTLIDALLGDPHCDDFQNKEWDLFVERSTAYSNCYPYYVPDYATLRSLVASSGNLEFTQESFNWTGVAQDGSSFACRRGSDKSFFSRLNWLYNLNSRYPEQNVTMPNNDKFDKLYIWGVHHPGTDKDQIYLYAQAPGRVIVSTKRSQQTVIPNIGSRPWVRGVSSIISIYWTIVKPGDMLLINSTGNLIAPRGYFKIKSGKSSIMRSDAHIDECNSECITPNGSISNDKPFQNVNKITYGACPRYVKQNTLKLATGMRNVPEKQTR	KYNNSK
A01776961|2016-06-23|cluster_IVA	QKLPGSDNSMATLCLGHHAVPNGTLVKTITDDQIEVTNATELVQGSSTGRICNSPHQILDGKNCTLIDALLGDPHCDDFQNKEWDLFVERSTAYSNCYPYYVPDYATLRSLVASSGNLKFTQEIFNWTGVAQEGSSYSCKRGSVNSFFSRLNWLYNLNYKYPEQNVTMPNNDKFDKLYIWGVHHPGTDKDQTNLYAQASGRVIVSTRRSQQTVIPNIGSRPWVRGVSSIISIYWTIVKPGDILLINSTGNLIAPRGYFKIQSGKSSIMRSDAHIDECNSECITPNGSISNDKPFQNVNKITYGACPRYVKQNTLKLATGMRNVPEKQTR	NYNNYK
A01777393|2016-07-07|cluster_IVA	QKLPGGDNSMATLCLGHHAVPNGTLVKTITDDQIEVTNATELVQSSSTGRICNSPHQILDGKNCTLIDALLGDPHCDDFQNKKWDLFVERSTAYSNCYPYYVPDYATLRSLVASSGNLEFTQESFNWTGIAQDGSSYACKRGSGNSFFSRLNWLYKLNYKYPEQNVTMPNNDKFDKLYIWGVHHPGTDSDQTSLYVQASGKVIVSTKRSQQTVIPNIGSRPWVRGVSSIISIYXTIVKPGDILLINSTGNLIAPRGYFKIQNGKSSIMRSDAHIDECNSECITPNGSISNDKPFQNVNKITYGACPRYIKQNTLKLATGMRNVPEKQTR	NYKNYS
A01777830|2016-07-22|cluster_IVA	QKLPGSDNSMATLCLGHHAVPNGTLVKTITDDQIEVTNATELVQGSSTGRICNSPHQILDGKNCTLIDALLGDPHCDDFQNKEWDLFVERSTAYSNCYPYYVPDYATLRSLVASSGNLKFTQEIFNWTGVAQEGSSYSCRRGSVNSFFSRLNWLYNLNYKYPEQNVTMPNNDKFDKLYIWGVHHPGTDKDQTNLYAQASGRVIVSTRRSQQTVIPNIGSRPWVRGVSSIISIYWTIVKPGDILLINSTGNLIAPRGYFKIQNGKSSIMRSDAHIDECNSECITPNGSISNDKPFQNVNKITYGACPRYVKQNTLKLATGMRNVPEKQTR	NYNNYK
A01777894|2016-07-25|cluster_IVA	QKLPGSDDSMATLCLGHHAVPNGTLVKTITDDQIEVTNATELVQSSSTGKICNSPHNILDGKNCTLIDALLGDPHCDDFQNKKWDLFVERSTAYSNCYPYYVPDYATLRSLVASSGNLEFTQEIFNWTGVAQDGSSYACRRGSDKSFFSRLNWLYHLNYNYPEQNVTMPNNNQFDKLYIWGVHHPGTDKDQTSLYAQTSGRVIVSTKRSQQTVIPNIGSRPWVRGVSSIISIYWTIVKPGDILLINSTGNLIAPRGYFKIQSGKSSIMRSDAHIDECNSECITPNGSISNDKPFQNVNKITYGACPRYVKQNTLKLATGMRNVPEKQTR	KYHNYK
A01777989|2016-07-28|cluster_IVA	QKLPGSDNSMATLCLGHHAVPNGTLVKTITDDQIEVTNATELVQSSSTGRICNSPHQILDGKNCTLIDALLGDPHCDDFQNKKWDLFVERSTAYSNCYPYYVPDYATLRSLIASSGNLEFTQESFNWTGVAQDGSSYACRRGSVNSFFSRLNWLYNLNYKYPEQNVTMPNDDKFDKLYIWGVHHPGTDKDQTNLYVQASGRVIVSTKRSQQTVIPNIGSRPWVRGVSSIISIYWTIVKPGDILLINSTGNLIAPRGYFKIQNGKSSIMRSDAHIDECNSECVTPNGSIPNDKPFQNVNKITYGACPRYIKQNTLKLATGMRNVPEKQTR	NYNNYK
A01778607|2016-08-17|cluster_IVA	QKLPGSDDSMATLCLGHHAVPNGTLVKTITDDQIEVTNATELVQSSSTGKICNSPHHILDGKNCTLIDALLGDPHCDDFQNKKWDLFVERSTAYSNCYPYYVPDYATLRSLVASSGNLEFTQEIFNWTGVAQDGSSYACRRGSDKSFFSRLNWLYHLDYNYPEQNVTMPNNNQFDKLYIWGVHHPGTDKDQTSLYAQTSGRVIVSTKRSQQTVIPNIGSRPWVRGVSSIISIYWTIVKPGDILLINSTGNLIAPRGYFKIQGGKSSIMRSDAHIDECNSECITPNGSISNDKPFQNVNKITYGACPRYIKQNTLKLATGMRNVPEKQTR	KYHDYK
A01781224|2016-09-12|cluster_IVA	QKLPGGDNSMATLCLGHHAVPNGTLVKTITDEQIEVTNATELVQSSSTGRICNSPHQILDGKNCTLIDALLGDPHCDEFQNKKWDLFVERSTAYSNCYPYYVPDYATLRSLVASSGNLEFTQESFNWTGIAQDGSSYACKRGSGKSFFSRLNWLYKLNHKYPEQNVTMPNNDKFDKLYIWGVHHPGTDSDQTSLYVQASGKVIVSTKRSQQTVIPNIGSRPWVRGVSSIISIYWTIVKPGDILLINSTGNLIAPRGYFKIQNGKSSIMRSDAHIDECNSECITPNGSISNDKPFQNVNKITYGACPRYIKQNTLKLATGMRNVPEKQTR	KYKNHS
A01781410|2016-09-16|cluster_IVA	QKLPGSDNSMAMLCLGHHAVPNGTLVKTITDDQIEVTNATELVQSSSTGRICNSPHQILDGKNCTLIDALLGDPHCDDFQNKKWDLFVERSTAYSNCYPYYVPDYATLRSLIASSGNLEFTXENFNWTGVAQDGSSYACRRGSVKSFFSRLNWLYNLNYKYPEQNVTMPNNDKFDKLYIWGVHHPGTDKDQTNLYVQASGRVVVSTKRSQQTVIPNIGSRPWVRGVSSIISVYWTIVKPGDILLINSTGNLIAPRGYFKIQSGKSSIMRSDAHIDECNSECITPNGSIPNDKPFQNVNKITYGACPRFVKQKTLKLATGMRNVPEKQTR	KYNNYK
A01781579|2016-09-21|cluster_IVA	QKLPGGDNSMATLCLGHHAVPNGTLVKTITDEQIEVTNATELVQSSSTGRICNSPHQILDGKNCTLIDALLGDPHCDEFQNKKWDLFVERSTAYSNCYPYYVPDYATLRSLVASSGNLEFTQESFNWTGIAQDGSSYACKRGSGKSFFSRLNWLYKLNHKYPEQNVTMPNNDKFDKLYIWGVHHPGTDSDQTSLYVQASGKVIVSTKRSQQTVIPNIGSRPWVRGVSSIISIYWTIVKPGDILLINSTGNLIAPRGYFKIQNGKSSIMRSDAHIDECNSECITPNGSISNDKPFQNVNKITYGACPRYIKQNTLKLATGMRNVPEKQTR	KYKNHS
A01782435|2016-10-19|cluster_IVA	QKLPGSDNSMATLCLGHHAVPNGTLVKTITDDQIEVTNATELVQSSSTGRICNSPHQILDGKNCTLIDALLGDPHCDGFQNKKWDLFVERSTAYSNCYPYYVPDYATLRSIIASSGNLEFTQESFNWTGVAQDGSSYACRRGSVKSFFSRLNWLYNLNHKYPEQNVTMPNNDEFDKLYIWGVHHPGTDKDQTNLYVQASGRVIVSTKRSQQTVIPNIGSRPWVRGVSSIISIYWTIVKPGDILLINSTGNLIAPRGYFKILSGKSSIMRSDAHIDECNSECITPNGSIPNDKPFQNVNRITYGACPRYIKQNTLKLATGMRNVPEKQTR	KYNNHK
A01668240|2016-11-14|cluster_IVA	QKLPGGDNSMATLCLGHHAVPNGTLVKTITDDQIEVTNATELVQSSSTGRICNSPHQILDGKNCTLIDALLGDPHCDEFQNKKWDLFVERSTAYSNCYPYYVPDYATLRSLVASSGNLEFIQESFNWTGIAQDGSSYACKRGSGNSFFSRLNWLYKLNYKYPEQNVTMPNNDKFDKLYIWGVHHPGTDSDQTSLYVQASGKVIVSTKRSQQTVIPNIGSRPWVRGVSSIISIYWTIVKPGDILLINSTGNLIAPRGYFKIQNGKSSIMRSDAHIDECNSECITPNGSISNDKPFQNVNKITYGACPRYIKQNTLKLATGMRNVPEKQTR	NYKNYS
A01668207|2016-11-14|cluster_IVA	QKLPGSDNSMATLCLGHHAVPNGTLVKTITDDQIEVTNATELVQSSSTGRICNSPHQILDGKNCTLIDALLGDPHCDDFQNKKWDLFIERSTAYSNCYPYYVPDYATLRSLVASSGNLEFTQESFNWTGVAQDGSSYSCRRGSDKSFFSRLNWLYHLDYKYPEQNVTMSNNDKFDKLYIWGVHHPGTDKDQTNLYVQSSGRVIVSTKRSQQTVIPNIGYKPWVRGVSSIISIYWTIVKPGDIFLINSTGNLIAPRGYFKIQSGKSSIMRSDAHIDECNSECITPNGSISNDKPFQNVNKITYGACPRYVKQNTLKLATGMRNVPEKQTR	KYHDYK
A01671000|2016-12-07|cluster_IVA	QKLPGGDNSMATLCLGHHAVPNGTLVKTITDDQIEVTNATELVQSSSTGRICNSPHQILDGKNCTLIDALLGDPHCDDFQNKKWDLFVERSTAYSNCYPYYVPDYATLRSLVASSGNLEFTQESFNWTGIAQDGSSYACKRGSGNSFFSRLNWLYKLNYKYPEQNVTMPNNDKFDKLYIWGVHHPGTDNDQTSLYAQASGKVIVSTKRSQQTVIPNIGSRPWVRGVSSIISIYWTIVKPGDILLINSTGNLIAPRGYFKIQNGKSSIMRSDAHIDECNSECITPNGSISNDKPFQNVNKITYGACPRYIKQNTLKLATGMRNVPEKQTR	NYKNYN
A01671226|2016-12-12|cluster_IVA	QKLPGSDNSMATLCLGHHAVPNGTLVKTITDDQIEVTNATELVQSSSTGRICNSPHQILDGKNCTLIDALLGDPHCDDFQNKKWDLFVERSTAYSNCYPYYVPDYATIRSLIASSGNLEFTQESFNWTGVAQDGSSYACRRGSVNSFFSRLNWLYNLNYKYPEQNVTMPNNDKFDKLYIWGVHHPGTDKDQTSLYVQAPGRVIVSTKRSQQTVIPNIGPRPWVRGVSSIISIYWTIVKPGDILLINSTGNLIAPRGYFKIQSGKSSIMRSDAHIDECNSECITPNGSIPNDKPFQNVNKITYGACPRYVKQNTLKLATGMRNVPEKQTR	NYNNYK
A01671574|2016-12-21|cluster_IVA	QKLPGSDNSMATLCLGHHAVPNGTLVKTITDDQIEVTNATELVQSSSTSRICNSPHQILDGKNCTLIDALLGDPHCDDFQNKKWDLFVERSTAYSNCYPYYVPDYATLRSLIASSGNLEFTQESFNWTGVAQDGSSYACRRGSVNSFFSRLNWLYNLNYKYPEQNVTMPNNDKFDKLYIWGVHHPGTDKDQTNLYVQASGRVIVSTKRSQQTVIPNIGSRPWVRGVSSIISIYWTIVKPGDILLINSTGNLIAPRGYFKIQSGKSSIMRSDAHIDECNSECITPNGSIPNDKPFQNVNKITYGACPRYVKQNTLKLATGMRNVPEKQTR	NYNNYK
A01671744|2016-12-29|cluster_IVA	QKLPGSDNSMATLCLGHHAVSNGTLVKTITDDQIEVTNATELVQSSSTGRICNSPHQILDGKNCTLIDALLGDPHCDDFQNKEWDLFVERSTAYSNCYPYYVPDYATLRSLVASSGNLEFTQENFNWTGVAQDGSSYACRRGSVNSFFSRLNWLYNLNYKYPEQNVTMPNNDKFDKLYIWGVHHPGTDKDQTNLYAQASGRVIVSTKRSQQTVIPNIGSRPWVRGVSSIISIYWTIVKPGDIFLINSTGNLIAPRGYFKIQSGKSSIMRSDAHIDECNSECITPNGSIPNDKPFQNVNKITYGACPRYVKQNTLKLATGMRNVPEKQTR	NYNNYK
A01671944|2017-01-03|cluster_IVA	QKLPGSDNSMATLCLGHHAVPNGTLVKTITDDQIEVTNATELVQSSSTGRICNSPHQILDGKNCTLIDALLGDPHCDDFQNKKWDLFIERSTAYSNCYPYYVPDYATLRSLVASSGNLEFTQESFNWTGVAQDGSSYSCRRGSDKSFFSRLNWLYHLDYKYPEQNVTMSNNDKFDKLYIWGVHHPGTDKDQTNLYVQSSGRVIVSTKRSQQTVIPNIGYKPWVRGVSSIISIYWTIVKPGDIFLINSTGNLIAPRGYFKIQSGKSSIMRSDAHIDECNSECITPNGSISNDKPFQNVNKITYGACPRYVKQNTLKLATGMRNVPEKQTR	KYHDYK
A01672517|2017-01-30|cluster_IVA	QKLPGSDNSMATLCLGHHAVPNGTLVKTITDDQIEVTNATELVQSSSTGRICNSPHQILDGKNCTLIDALLGDPHCDDFQNKKWDLFVERSTAYSNCYPYYVPDYATLRSLIASSGNLEFTQESFNWTGVAQDGSSYACRRGSVNSFFSRLNWLYNLNYKYPEQNVTMPNNDKFDKLYIWGVHHPSTDKDQTNLYAQASGRVIVSTKRSQQTVIPNIGSRPWVRGVSSIISIYWTIVKPGDALLINNTGNLIAPRGYFRILSGKSSIMRSDAHIDECNSECITPNGSIPNDKPFQNVNKITYGACPRYVKQNTLKLATGMRNVPEKQTR	NYNNYK
A01672826|2017-02-10|cluster_IVA	QKLPGSDNSTATLCLGHHAVPNGTLVKTITDDQIEVTNATELVQSSSTGRICNSPHQILDGKNCTLIDALLGDPHCDDFQNKEWDLFVERSTAYSNCYPYYVPDYATLRSLVASSGNLEFTQESFNWTGVAQDGSSYACRRGSVNSFFSRLNWLYNLNYKYPEQNVTMPNNDKFDKLYIWGVHHPGTDKDQTNLYVQASGRVIVSTKISQQTVIPNIGSRPWVRGVSSIISIYWTIVKPGDILLINSTGNLIAPRGYFKIQSGKSSIMRSDAHIDECNSECITPNGSISNDKPFQNVNKITYGACPRYVKQNTLKLATGMRNVPEKQTR	NYNNYK
A01932044|2017-02-17|cluster_IVA	QKLPESDNSMATLCLGHHAVPNGTLVKTITDDQIEVTNATELVQSSSTGRICNSPHQILDGKNCTLIDSLLGDPHCDDFQNKKWDLFVERSTAYSNCYPYYVPDYATLRSIVASSGNLEFTQESFNWTGVAQDGSSSACKRGSAKSFFSRLNWLYNLNSRYPEQNVTMPNNDKFDKLYIWGVHHPGTDKDQTYLYAQTPGRVIVSTKRSQQTVIPDVGSRPWVRGVSSIISIYWTIVKPGDMLLINSTGNLIAPRGYFKMQSGKSSIMRSDAHIDECNSECITPNGSISNDKPFQNVNKITYGACPRYVKQNTLKLATGMRNVPEKQTR	KYNNSK
A02214841|2017-04-25|cluster_IVA	QKPPGSENNMATLCLGHHAVPNGTLVKTITDDQIEVTNATELVQSSSTGRICNSPHQILDGKNCTLIDALLGDPHCDDFQNKEWDLFVERSTAYSNCYPYYVPDYATLRSLVASSGNLEFTQESFNWTGVAQDGSSYACRRGSVNSFFSRLNWLYNLNYKYPEQXVTMPNNDKFDKLYIWGVHHPGTDKDQTNLYAQASGRVIVSTKRNQQTVIPNIGSRPWVRGVSSIMSIYWTIVKPGDILLINSTGNLIAPRGYFKIQSGKSSIMRSDAHIDECNSECITPNGSIPNDKPFQNVNKITYGACPRYVKQNTLKLATGMRNVPDKQTR	NYNNYK
A02214844|2017-04-25|cluster_IVA	QKLPGSDNSMATLCLGHHAVPNGTLVKTITDDQIEVTNATELVQSSSTSRICNSPHQILDGKNCTLIDALLGDPHCDDFQNKKWDLFVERSTAYSNCYPYYVPDYATLRSLIASSGNLEFTQESFNWTGVAQDGSSYACRRGSVNSFFSRLNWLYNLNYKYPEQNVTMPNNDKFDKLYIWGVHHPGTDKDQTNLYVQASGRVIVSTKRSQQTVIPNIGSRPWVRGVSSIISIYWTIVKPGDILLINSTGNLIAPRGYFKIQSGKSSIMRSDAHIDECNSECITPNGSIPNDKPFQNVNKITYGACPRYVKQNTLKLATGMRNVPEKQTR	NYNNYK
A02215031|2017-05-02|cluster_IVA	QKLPESDNSMATLCLGHHAVPNGTLVKTITDDQIEVTNATELVQSASTGRICNGPHQILDGKNCTLIDALLGDPHCDDLQNKEWDLFVERSTAYSNCYPYYVPDQATLRSLVASSGKLEFTQESFNWTGVAQDGSSYSCRRGSVNSFFSRLNWLYKLNYKYPEQNVTMPNNDRFDKLYIWGVHHPGTDKDQTNLYVQESGRVIVSTKRSQQTVIPSIGSRPWVRGVSSIISIYWTIVKPGDILLINSSGNLIAPRGYFKIQSGKSSIMRSDAHIDECNSECITPNGSISNDKPFQNVNKITYGACPRYVKQNTLKLATGMRNVPEKQTR	NYKNYK
A02215046|2017-05-02|cluster_IVA	QKLPGNDNSMATLCLGHHAVPNGTFVKTITDDQVEVTNATELIQSSSTGRICNSPHHILDGKNCTLIDALLGDPHCDDFQNKEWDLFVERSTAYSNCYPYYVPDYATLRSLIASSGNLEFTQESFNWTGVAQDGSSYACRRGSVKSFFSRLNWLYNLEYKYPEQNVTMPNNDKFDKLYIWGVHHPGTDKDQTNLYVQASGRVIVSTKRSQQTVIPNIGSRPWVRGVSSIISIYWTIVKPGDILLINSTGNLIAPRGYFKIQSGKSSIMRSDAHIDECYSECITPNGSISSDKPFQNVNKITYGACPRYVKQNTLKLATGMRNVPEKQTR	KYNEYK
A02217400|2017-06-28|cluster_IVA	QKLPGSDNSMATLCLGHHAVPNGTLVKTITDDQIEVTNATELVQSSSTGRICNSPHQILDGKNCTLIDALLGDPHCDDFQNKEWDLFVERSTAYSSCYPYYVPDYATLRSLVASSGNLKFTQEIFNWTGVAQDGSSYACRRGSVNSFFSRLNWLYNLNYKYPEQNVSMPNNDEFDKLYIWGVHHPGTDKDQTNLYAQASGRVMVSTKRSQQTVIPNVGSRPWVRGVSSIISIYWTIVKPGDILSINSTGNLIAPRGYFKIQSGKSSIMRSDAHIDECNSECITPNGSISNDKPFQNVNKITYGACPRYVKQNTLKLATGMRNVPEKQTR	NYNNYK
A02218156|2017-07-10|cluster_IVA	QKLPGSDNSMATLCLGHHAVPNGTLVKTITDDQIEVTNATELVQSSSTGRICNSPHQILDGKNCTLIDALLGDPHCDDFQNKEWDLFVERSTAYSSCYPYYVPDYATLRSLVASSGNLKFTQEIFNWTGVAQDGSSYACRRGSVNSFFSRLNWLYNLNYKYPEQNVSMPNNDEFDKLYIWGVHHPGTDKDQTNLYAQASGRVMVSTKRSQQTVIPNVGSRPWVRGVSSIISIYWTIVKPGDILSINSTGNLIAPRGYFKIQSGKSSIMRSDAHIDECNSECITPNGSISNDKPFQNVNKITYGACPRYVKQNTLKLATGMRNVPEKQTR	NYNNYK
A02221499|2017-09-19|cluster_IVA	QELPGSDNSMATLCLGHHAVPNGTLVKTITDDQIEVTNATELVQSSSTGRICNSPHQILDGKNCTLIDALLGDPHCDDFQNKEWDLFVERSTAYSNCYPYYVPDYATLRSLVASSGNLKFTQEIFNWTGVAQDGSSYSCKRGSVNSFFSRLNWLHNLNYKYPEQNVTMPNNDKFDKLYIWGVHHPGTDKDQTNLYVQASGRVIVSTRRSQQTVIPNIGSRPWVRGVSSIISIYWTIVKPGDILLINSTGNLIAPRGYFKIQSGKSSIMRSDANIDECNSECITPNGSISNDKPFQNVNKITYGACPRYIKQNTLKLATGMRNVPEKQNR	NHNNYK
A02134225|2017-10-24|cluster_IVA	QKLPGSDNSMATLCLGHHAVPNGTLVKTITDDQIEVTNATELVQSSSTSRICNSPHQILDGKNCTLIDALLGDPHCDDFQNKKWDLFVERSTAYSNCYPYYVPDYATLRSLIASSGNLEFTQESFNWTGVAQDGSSYSCRRGSVNSFFSRLNWLYNLNYKYPEQNVTMPNNDKFDKLYIWGVHHPGTDKDQTNLYVQAPGRVIVSTKRSQQTVIPNIGSRPWVRGVSSIISIHWTIVKPGDILLINSTGNLIAPRGYFKIQSGKSSIMRSDAHIDECNSECITPNGSIPNDKPFQNVNKITYGACPRYVKQNTLKLATGMRNVPEKQTR	NYNNYK
A02134242|2017-10-24|cluster_IVA	QKLPGSDNSMATLCLGHHAVPNGTLVKTITDDQIEVTNATELVQSSSTGRICNSPHQILDGKNCTLIDALLGDPHCDDFQNKEWDLFVERSTAYSSCYPYYVPDYATLRSLVASSGNLKFTQEIFNWTGVAQDGSSYACRRGSVNSFFSRLNWLYNLNYKYPEQNVSMPNNDKFDKLYIWGVHHPGTDKDQTNLYAQASGRVMVSTKRSQQTVIPNVGSRPWVRGVSSIISIYXTIVKPGDILSINSTGNLIAPRGYFKIQSGKSSIMRSDAHIDECNSECITPNGSISNDKPFQNVNKITYGACPRYVKQNTLKLATGMRNVPEKQTR	NYNNYK
A02135886|2017-11-13|cluster_IVA	QKLPGSDNSMATLCLGHHAVPNGTLVKTITDDQIEVTNATELVQSSSTGRICNSPHQILDGKNCTLIDALLGDPHCDDFQNKEWDLFVERSTAYSNCYPYYVPDYATLRSLVASSGNLKFTQESFNWTGVAQDGSSNACRRKSVKSFFSRLNWLYHLDYKYPEQNVXMPNNDKFDKLYIWGVHHPGTDKDQTNLYAQASGRVIVSTKRSQQTVTPNIGSRSWVRGVSSIISIYWTIVKPGDILLINSTGNLIAPRGYFKIQSGKSSIMRSDAHIDECNSECITPNGSIPNDKPFQNVNKITYGACPRYVKQKTLKLATGMRNVPEKQTR	KYHDYK
A02136748|2017-11-21|cluster_IVA	QKLPGSDNSMATLCLGHHAVPNGTLVKTITDDQIEVTNATELVQSSSTGRICNSPHQILDGKNCTLIDALLGDPHCDDFQNKKWDLFVERSTAYSNCYPYYVPDYATLRSLIASSGNLEFTQESFNWTGVTQDGSSYACRKGSVNSFFSRLNWLYNLNYKYPEQNVTMPNNDKFDKLYIWGVHHPGTDKDQTYLYVQAPGRVMVSTKRSQQTIIPNIGSRPWVRGVSSIISIHWTIVKPGDILLINSTGNLIAPRGYFKIQSGKSSIMRSDAHIDECNSECITPNGSIPNDKPFQNVNKITYGACPRYVKQNTLKLATGMRNVPEKQTR	NYNNYK
A02138601|2017-12-13|cluster_IVA	QKLSGSDNSMATLCLGHHAVPNGTLVKTITDDQIEVTNATELVQSSSTGRICNSPHQILDGKNCTLIDALLGDPHCDDFQNKEWDLFVERSTAYSNCYPYYVPDYATLRSLVASSGNLKFTQESFNWTGVAQDGSSYACRRGSVNSFFSRLNWLYNLNYKYPEQNVTMPNNDKFDKLYIWGVHHPGTDKDQTNLYVQASGKVIVSTKRSQQTVIPNVGSRPWVRGVSSIISIYWTIVKPGDILLINSTGNLIAPRGYFKIQSGKSSIMRSDAHIDECNSECITPNGSISNGKPFQNVNKITYGACPRYVKQNTLKLATGMRNVPEKQTR	NYNNYK
A02142683|2018-02-14|cluster_IVA	QKLSGSDDSMATLCLGHHAVPNGTLVKTITDDQIEVTNATELVQSSSTGRICNSPHQILDGKNCTXIDALLGDPHCDDFQNKEWDLFVERSTAYSICYPYYVPDYATLRSLVASSGNLKFTQESFNWTGVAQDGSSYACRRGSVNSFFSRLNWLYNLNYKYPEQNVTMPNNDKFDKLYIWGVHHPGTDKDQTNLYVQASGKVIVSTKRSQQTVIPNVGSRPWVRGVSSIISIYXTIVKXGDILLINSTGNLIAPRGYFKIQSGKSSIMRSDAHIDECNSECITPNGSISNGKPFQNVNKITYGACPRYVKQNTLKLATGMRNVPEKQTR	NYNNYK
A02154072|2018-02-26|cluster_IVA	QKLPGSDNSMATLCLGHHAVPNGTLVKTITDDQVEVTNATELVQSSSTGRICNSPHQILDGKNCTLIDALLGDPHCDDFQNKEWDLFVERSTAYSSCYPYYVPDYATLRSLVASSGNLKFTQEIFNWTGVAQDGSSYACRRGSVNSFFSRLNWLYNLNYKYPEQNVSMPNNDEFDKLYIWGVHHPGTDKDQTNLYAQASGRVMVSTKRSQQTVIPNVGSRPWVRGVSSIISIYWTIVKPGDILSINSTGNLIAPRGYFKIQSGKSSIMRSDAHIDECNSECITPNGSISNNKPFQNVNKITYGACPRYVKQNTLKLATGMRNVPEKQTR	NYNNYK
A02154766|2018-03-05|cluster_IVA	QRLPRSDNSMATLCLGHHAVPNGTLVKTITDDQIEVTNATELVQSSSTGRICNSPHQILDGKNCTXIDALLGDPHCDDFQNKEWDLFVERSTAYSSCYPYYVPDYATLRSLVASSGNLGFTQESFNWTGVAQDGSSFSCRRGSVKSFFSRLNWLHKLNYKYPEQNVTMPNNDKFDKLYIWGVHHPGTDEDQTNLYVHASGRVIVSTKRSQQTVIPNIGSRPWVRGVSSIISIYWTIVKPGDILLINSTGNLIAPRGYFKIQSGKSSIMRSDAHIDECNSECITPNGSISNDKPFQNVNKITYGACPRYVKQNTLKLATGMRNVPEKQTR	KHKNYE
A02155428|2018-03-09|cluster_IVA	QKLSGSDNSMATLCLGHHAVPNGTLVKTITDDQIEVTNATELVQSSSTGRICNSPHQILDGKNCTLIDALLGDPHCDDFQNKEWDLFVERSTAYSNCYPYYVPDYATLRSLVASSGNLKFTQESFNWTGVAQDGSSYACRRGSVNSFFSRLNWLYNLNYKYPEQNVTMPNNDKFDKLYIWGVHHPGTDKDQTNLYVQASGKVIVSTKRSQQTVIPNVGSRPWVRGVSSIISIYXTIVKPGDILLINSTGNLIAPRGYFKIQSGKSSIMRSDAHIDECNSECITPNGSISNGKPFQNVNKITYGACPRYVKQNTLKLATGMRNVPEKQTR	NYNNYK
A02157976|2018-04-23|cluster_IVA	QKISGSDNSMATLCLGHHAVPNGTLVKTITDDQIEVTNATELVQSSSTGRICNSPHQILDGKNCTLIDALLGDPHCDDFQNKEWDLFVERSTAYSNCYPYYVPDYATLRSLVASSGNLKFTQESFNWTGVAQDGSSYACRRGSVNSFFSRLNWLYNLNYKYPEQNVTMPNNDKFDKLYIWGVHHPGTDKDQTNLYVQASGKVIVSTKRSQQTVIPNVGSRPWVRGVSSIISIYXTIVKPGDILLINSTGNLIAPRGYFKIQSGKSSIMRSDAHIDECNSECITPNGSISNGKPFQNVNKITYGACPRYVKQNTLKLATGMRNVPEKQAR	NYNNYK
A02157995|2018-04-24|cluster_IVA	QKLSGSDNSMATLCLGHHAVPNGTLVKTITDDQIEVTNATELVQSSSTGRICNSPHQILDGKNCTLIDALLGDPHCDDFQNKEWDLFVERSTAYSNCYPYYVPDYATLRSLVASSGNLKFTQESFNWTGVAQDGSSYACRRGSVNSFFSRLNWLYNLNYKYPEQNVTMPNNDKFDKLYIWGVHHPGTDKDQTNLYVQASGKVIVSTKRSQQTVIPNVGSRPWVRGVSSIISIYWTIVKPGDILLINSTGNLIAPRGYFKIQSGKSSIMRSDAHIDECNSECITPNGSISNGKPFQNVNKITYGACPRYVKQNTLKLATGMRNVPEKQTR	NYNNYK
A02158807|2018-05-23|cluster_IVA	QKLSGSDNSMATLCLGHHAVPNGTLVKTITDDQIEVTNATELVQSSSTGRICNSPHQILDGKNCTLIDALLGDPHCDDFQNKEWDLFVERSTAYSNCYPYYVPDYATLRSLVASSGNLKFTQESFNWTGVAQDGSSYACRRGSVNSFFSRLNWLYNLNYKYPEQNVTMPNNDKFDKLYIWGVHHPGTDKDQTNLYVQASGKVIVSTKRSQQTVIPNVGSRPWVRGVSSIISIHWTIVKPGDILLINSTGNLIAPRGYFKIQSGKSSIMRSDARIDECNSECITPNGSISNGKPFQNVNKITYGACPRYVKQNTLKLATGMRNVPEKQTR	NYNNYK
A02169069|2018-05-31|cluster_IVA	QKLSGSDNSMATLCLGHHAVPNGTLVKTITDDQIEVTNATELVQSSSTGRICNSPHQILDGKNCTLIDALLGDPHCDDFQNKEWDLFVERSTAYSNCYPYYVPDYATLRSLVASSGNLKFTQESFNWTGVAQDGSSYACRRGSVNSFFSRLNWLYNLNYKYPEQNVTMPNNDKFDKLYIWGVHHPGTDKDQTNLYVQASGKVIVSTKRSQQTVIPNVGSRPWVRGVSSIISIYWTIVKPGDILLINSTGNLIAPRGYFKIQSGKSSIMRSDAHIDECNSECITPNGSISNGKPFQNVNKITYGACPRYVKQNTLKLATGMRNVPEKQTR	NYNNYK
A02171019|2018-07-09|cluster_IVA	QKLSGSDDSMATLCLGHHAVPNGTLVKTITDDQIEVTNATELVQSSSTGRICNSPHQILDGKNCTLIDALLGDPHCDDFQNKEWDLFVERSTAYSNCYPYYVPDYATLRSLVASSGNLKFTQESFNWTGVAQDGSSYACRRGSVNSFFSRLNWLYNLNYKYPEQNVTMPNNDKFDKLYIWGVHHPGTDKDQTNLYVQASGKVIVSTKRSQQTVIPNVGSRPWVRGVSSIISIYWTIVKPGDILLINSTGNLIAPRGYFKIQSGKSSIMRSDAHIDECNSECITPNGSISNGKPFQNVNKITYGACPXYVKQNTLKLATGMRNVPEKQTR	NYNNYK
A02172377|2018-07-16|cluster_IVA	QKLPENDNSMATLCLGHHAVSNGTLVKTITDDQIEVTNATELVQSSSTGRICNSPHQILDGKNCTLIDSLLGDPHCDDFQDKKWDLFVERSTAYSNCYPYYVPDYATLRSIVASSGNLEFTQESFNWTGVSQDGSSFACKRGSAKSFFSRLNWLHNLNSRYPEQNVTMPNNDKFDKLYIWGVHHPGTDKDQTYLYAQTPGRVIVSTKRSQQTVIPNIGSRPWVRGVSSIISIYWTIVKPGDMLLINSTGNLIAPRGYFKIQSGKSSIMRSDAHIDECNSECITPNGSISNDKPFQNVNKITYGACPRYVKQNTLKLATGMRNVPEKQTR	KHNNSK
A02254607|2018-07-30|cluster_IVA	QKLSGSDNSMATLCLGHHAVPNGTLVKTITDDQIEVTNATELVQSSSTGRICNSPHQILDGKNCTLIDALLGDPHCDDFQNKEWDLFVERSTAYSNCYPYYVPDYATLRSLVASSGNLKFTQESFNWTGVAQDGSSYACRRGSVNSFFSRLNWLYNLNYKYPEQNVTMPNNDKFDKLYIWGVHHPGTDKDQTNLYVQASGKVIVSTKRSQQTVIPNVGSRPWVRGVSSIISIYWTIVKPGDILLINSTGNLIAPRGYFKIQSGKSSIMRSDAHIDECNSECITPNGSISNGKPFQNVNKITYGACPRYIKQNTLKLATGMRNVPEKQTR	NYNNYK
A02254616|2018-07-30|cluster_IVA	QKLPGSDNSMATLCLGHHAVPNGTLVKTITDDQIEVTNATELVQSSSTGRICNSPHQILDGKNCTLIDALLGDPHCDDFQNKEWDLFVERSTAYSNCYPYYVPDYATLRSLVASSGNLEFTQESFNWTGVAQDGSSYACRRGSVNSFFSRLNWLYKLNYKYPEQNVTMPNNDKFDKLYVWGVHHPGTDMDQTSLYVQASGKVIVSTKRSQQTVIPNVGSRPWVRGVSSIISIYWTIVKPGDILLINSTGNLIAPRGYFKIQSGKSSIMRSDAHIDECNSECITPNGSISNDKPFQNVNKITYGACPRYVKQNTLKLATGMRNVPEKQTR	NYKNYM
A02254794|2018-08-06|cluster_IVA	QRLPGSDNSMATLCLGHHAVPNGTLVKTITDDQVEVTNATELVQSSSTGRICNSPHQILDGKNCTLIDALLGDPHCDDLQNKEWDLFIERSTAYSNCYPYYVPDYATLRSLVAASGSLEFTQESFNWNGVAQGGSSYACKRESVNSFFSRLNWLYKLNYKYPEQNVTMPNNDNFDKLYIWGVHHPGTDKDQTNLYVQASGRVLVSTKRSQQNIIPNIGSRPWIRGVSSIISVHWTIVKPGDILVINSTGNLIAPRGYFKIQSGKSSIMRSDTHIDECNSDCITPNGSIPNDKPFQNVNKITYGACPRYVKQNTLKLATGMRNVPEKQTR	NYKNYK
A02254796|2018-08-06|cluster_IVA	QKLSGSDNSMATLCLGHHAVPNGTLVKTITDDQIEVTNATELVQSSSTGRICNSPHQILDGKNCTLIDALLGDPHCDDFQNKEWDLFVERSTAYSNCYPYYVPDYATLRSLVASSGNLKFTQESFNWTGVAQDGSSYACRRGSVNSFFSRLNWLYNLNYKYPEQNVTMPNNDKFDKLYIWGVHHPGTDKDQTNLYVQASGKVIVSTKRSQQTVIPNVGSRPWVRGVSSIISIYXTIVKPGDILLINSTGNLIAPRGYFKIQSGKSSIMRSDAHIDECNSECITPNGSISNGKPFQNVNKITYGACPRYVKQNTLKLATGMRNVPEKQTR	NYNNYK
A02254975|2018-08-10|cluster_IVA	QKLPESDNSMATLCLGHHAVPNGTLVKTITDDQIEVTNATELVQSFSTGRICNSPHRILDGKNCTLIDALLGDPHCDDFQNKEWDLFVERNTAYSKCYPYYVPDYATLRSLVASSGNLEFTQESFNWTGVAQDGSSYSCKRGSVNSFFSRLNWLYNLNYNYPEQNVTMPNNDKFDKLYIWGVHHPGTDKDQTNLYAQAPGRVIVSTKRSQQTVTPTIGSRPWVRGVSSIISIYWTIVKPGDMLLINSTGNLIAPRGYFKIRNGKSSIMRSDAHLDECNSECITPNGSISNDKPFQNVNKITYGACPXYVKQNTLKLATGMRNVPEKQTR	NYNNYK
A02257337|2018-09-14|cluster_IVA	QELPGNDNSMATLCLGHHAVPNGTFVKTITDDQIEVTNATELVQNSSTGRICNSPHQILDGGNCTLIDALLGDPHCDNLRDKEWDLFVERSTAYSNCYPYYVPDYATLRSLVASSGNLKFTQESFNWTGVDQDGSSYACRRGSVKSFFSRLNWLYHLEHKYPEQNVTMPNNDKFDKLYIWGVHHPGTENDQTYLYVQASGRVIVSTKRSQQTVIPNIGSRPWVRGVSSIISIHWTIVKPGDILLINSTGNLIAPRGYFKIQSGKSSIMRSDAHIDECYSECITPNGSISNDKPFQNVNKITYGACPRYVKQNTLKLATGMRNVPEKQNR	KYHEHN
A02257962|2018-10-05|cluster_IVA	QELPGNDNSMATLCLGHHAVPNGTFVKTITDDQIEVTNATELVQNSSTGRICNSPHQILDGGNCTLIDALLGDPHCDNLRDKEWDLFVERSTAYSNCYPYYVPDYATLRSLVASSGNLKFTQESFNWTGVDQDGSSYACRRGSVKSFFSRLNWLYHLEHKYPEQNVTMPNNDKFDKLYIWGVHHPGTENDQTYLYVQASGRVIVSTKRSQQTVIPNIGSRPWVRGVSSIISIHWTIVKPGDILLINSTGNLIAPRGYFKIQSGKSSIMRSDAHIDECYSECITPNGSISNDKPFQNVNKITYGACPRYVKQNTLKLATGMRNVPEKQNR	KYHEHN
A02266068|2018-10-09|cluster_IVA	QKLSGSDNSMATLCLGHHAVPNGTLVKTITDDQIEVTNATELVQSSSTGRICNSPHQILDGKNCTLIDALLGDPHCDDFQNKEWDLFVERSTAYSNCYPYYVPDYATLRSLVASSGNLKFTQESFNWTGVAQDGSSYACRRGSVNSFFSRLNWLYNLNYKYPEQNVTMPNNDKFDKLYIWGVHHPGTDKDQTNLYVQASGKVIVSTKRSQQTVVPNVGSRPWVRGVSSIISIYWTIVKPGDILLINSTGNLIAPRGYFKIQSGKSSIMRSDAHIDECNSECITPNGSIPNGKPFQNVNKITYGACPRYVKQNTLKLATGMRNVPEKQTR	NYNNYK
A02270002|2018-11-19|cluster_IVA	QRLPRSDNNMATLCLGHHAVPNGTLVKTITDDQIEVTNATELVQSSSTGRICNSPHQILDGKNCTLIDALLGDPHCDDFQNKEWDLFVERSTAXSSCYPYYVPDYATLRSLVASSGNLGFTQESFNWTGVAQDGSSFSCRRGSVKSFFSRLNWLHKLNYKYPEQNVTMPNNDKFDKLYIWGVHHPGTNEDQTNLYVHASGRVIVSTKRSQQTVIPNIGSRPWVRGVSSIISIYWTIVKPGDILLINSTGNLIAPRGYFKIQSGKSSIMRSDAHIDECNSECITPNGSISNDKPFQNVNKITYGACPRYVKQNTLKLATGMRNVPEKQTR	KHKNYE
A02427656|2018-12-17|cluster_IVA	KKFPGNDNNMATLCLGHHAVPNGTLVKTITDEQIEVTNATELVQSSSTXRICNSPYKILDGENCTLIDALLGDPNCDDFQNKEWDLFVERSTAYSSCYPYYVPEYATLRSLVASSGNLEFTQESFNWTGVAQDGSSYACRRGSVNSFFSRLNWLYNLNYKYPEQNVTMPNNDKFDKLYIWGVHHPGTDKDQNNLYVQAPGRVTVSTKRSQQTVIPNIGYRPWARGVSSIISIYWTIVKPGDILLINSTGNLIAPRGYFKIQSGKSSIMRSDAHIDECNSECITPNGSIPNDKPFQNVNKITYGACPRYVRQNTLKLATGMRNVPEKQTR	NYNNYK
A02429953|2019-01-28|cluster_IVA	QKLPGSDNSMATLCLGHHAVPNGTLVKTITDDQIEVTNATELVQSSSTGRICNSPHQILDGKNCTLIDALLGDPHCDDFQNKEWDLFVERSTAYSSCYPYYVPDYATLRSLVASSGNLKFTQEIFNWTGVTQDGSSYSCRRGSVNSFFSRLNWLYHLNYKYPEQNVTMPNNDKFDKLYIWGVHHPGTDKDQTNLYVQASGRVIVSTRRSQQTVIPNIGSRPWVRGVSSIISIYWTIVKPGDILLINSTGNLIAPRGYFKIQSGKSSIMRSDAHIDECNSECITPNGSISNDKPFQNVNKITYGACPRYVKQNTLKLATGMRNIPEKQTR	NYHNYK
A02430272|2019-02-11|cluster_IVA	QKLPGSDNNMATLCLGHHAVPNGTLVKTITDDQIEVTNATELVQSSSTGRICNSPHQILDGKNCTLIDALLGDPHCDDFQNKEWDLFVERSTAYSNCYPYYVPDYATLRSLVASSGNLEFTQESFNWTGVAQDGSSRACRRGSVNSFFSRLNWLYKLDYKYPEQNVTMPNNNKFDKLYIWGVHHPGTNNDQTNLYVQASGKVIVSTKRSQQTVIPNVGSRPWVRGVSSIISIYWTIVKPGDILVINSTGNLIAPRGYFKIQSGKSSIMRSDAHIDECNSECITPNGSISNGKPFQNVNKITYGACPRYVKQNTLKLATGMRNVPEKQTR	NYKDYN
A02430278|2019-02-12|cluster_IVA	QKLPGSDNSMATLCLGHHAVPNGTLVKTITDDQIEVTNATELVQSSSTGRICNSPHQILDGKNCTLIDALLGDPHCDDFQNKEWDLFVERSTAYSSCYPYYVPDYATLRSLVASSGNLKFTQEIFNWTGVTQDGSSYSCRRGSVNSFFSRLNWLYHLNYKYPEQNVTMPNNDKFDKLYIWGVHHPGTDKDQTNLYVQASGRVIVSTRRSQQTVIPNIGSRPWVRGVSSIISIYWTIVKPGDILLINSTGNLIAPRGYFKIQSGKSSIMRSDAHIDECNSECITPNGSISNDKPFQNVNKITYGACPRYVKQNTLKLATGMRNIPEKQTR	NYHNYK
A02430692|2019-02-25|cluster_IVA	QELPGNDNSMATLCLGHHAVPNGTFVKTITDDQIEVTNATELVQNSSTGRICNSPHQILDGGNCTLIDALLGDPHCDNLRDKEWDLFVERSTAYSNCYPYYVPDYATLRSLVASSGNLKFTQESFNWTGVDQDGSSYACRRGSVKSFFSRLNWLYHLEHKYPEQNVTMPNNDKFDKLYIWGVHHPGTENDQTYLYVQASGRVIVSTKRSQQTVIPNIGSRPWVRGVSSIISIHWTIVKPGDILLINSTGNLIAPRGYFKIQSGKSSIMRSDAHIDKCYSECITPNGSISNDKPFQNVNKITYGACPRYVKQNTLKLATGMRNVPEKQNR	KYHEHN
A02431613|2019-03-25|cluster_IVA	QKLPGSDNSMATLCLGHHAVPNGTLVKTITDDQIEVTNATELVQSSSTGRICNSPHQILDGKNCTLIDALLGDPHCDDFQNKEWDLFVERSTAYSSCYPYYVPDYATLRSLVASSGNLKFTQEIFNWTGVTQDGSSYSCRRGSVNSFFSRLNWLYHLNYKYPEQNVTMPNNDKFDKLYIWGVHHPGTDKDQTNLYVQASGRVIVSTRRSQQTVIPNIGSRPWVRGVSSIISIYWTIVKPGDILLIKSTGNLIAPRGYFKIQSGKSSIMRSDAHIDECNSECITPNGSISNDKPFQNVNKITYGACPRYVKQNTLKLATGMRNIPEKQTR	NYHNYK
A02431880|2019-04-01|cluster_IVA	QKLSGSDNSMATLCLGHHAVPNGTLVKTITDDQIEVTNATELVQSSSTGRICNSPHQILDGKNCTLIDALLGDPHCDDFQNKEWDLFVERSTAYSDCYPYYVPDYATLRSLVASSGNLKFTQESFNWTGVAQDGSSYACRRGSVNSFFSRLNWLYNLNYKYPEQNVTMPNNDKFDKLYIWGVHHPGTDKDQTNLYVQASGKVIVSTKRSQQTVIPNVGSRPWARGVSSIISIYWTIVKPGDILLINSTGNLIAPRGYFKIQSGKSSIMRSDAHIDECNSECITPNGSISNGKPFQNVNKITYGACPRYVKQNTLKLATGMRNVPEKQTR	NYNNYK
A02431948|2019-04-05|cluster_IVA	QKLPGSDNSMATLCLGHHAVPNGTLVKTITDDQIEVTNATELVQSSSTGRICNSPHQILDGKNCTLIDALLGDPHCDDFQNKEWDLFVERSTAYSSCYPYYVPDYTTLRSLVASSGNLKFTQEIFNWTGVAQDGSSYSCRRGSVNSFFSRLNWLYHLNYKYPEQNVTMPNNDKFDKLYIWGVHHPGTDKDQTNLYVQASGRVIVSTRRSQQTVIPNIGSRPWVRGVSSIISIYWTIVKPGDILLINSTGNLIAPRGYFKIQSGKSSIMRSDANIDECNSECITPNGSISNDKPFQNVNKITYGACPRYVKQNTLKLATGMRNVPEKQTR	NYHNYK
A02431991|2019-04-08|cluster_IVA	QKLPGSDNNMATLCLGHHAVPNGTLVKTITDDQIEVTNATELVQSSSTGRICNSPHQILDGKNCTLIDALLGDPHCDDFQNKEWDLFVERSTAYSNCYPYYVPDYATLRSLVASSGNLEFTQESFNWTGVAQDGSSRACRRGSVNSFFSRLNWLYKLDYKYPEQNVTMPNNNKFDKLYIWGVHHPGTNNDQTNLYVQASGKVIVSTKRSQQTVIPNVGSRPWVRGVSSIISIYWTIVKPGDILVINSTGNLIAPRGYFKIQSGKSSIMRSDAHIDECNSECITPNGSISNGKPFQNVNKITYGACPRYVKQNTLKLATGMRNVPEKQTR	NYKDYN
A02432059|2019-04-10|cluster_IVA	QKLSGSDNSMATLCLGHHAVPNGTLVKTITDDQIEVTNATELVQSSSTGRICNSPHQILDGKNCTLIDALLGDPHCDDFQNKEWDLFVERSTAYSDCYPYYVPDYATLRSLVASSGNLKFTQESFNWTGVAQDGSSYACRRGSVNSFFSRLNWLYNLNYKYPEQNVTMPNNDKFDKLYIWGVHHPGTDKDQTNLYVQASGKVIVSTKRSQQTVIPNVGSRPWVRGVSSIISIYWTIVKPGDILLINSTGNLIAPRGYFKIQSGKSSIMRSDAHIDECNSECITPNGSISNGKPFQNVNKITYGACPRYVKQNTLKLATGMRNVPEKQTR	NYNNYK
A02432156|2019-04-15|cluster_IVA	QELPGNDNSMATLCLGHHAVPNGTFVKTITDDQIEVTNATELVQNSSTGRICNSPHQILDGGNCTLIDALLGDPHCDNLRDKEWDLFVERSTAYSNCYPYYVPDYATLRSLVASSGNLKFTQESFNWTGVDQDGSSYACRRGSVKSFFSRLNWLYHLEHKYPEQNVTMPNNDKFDKLYIWGVHHPGTENDQTYLYVQASGRVIVSTKRSQQTVIPNIGSRPWVRGVSSIISIHWTIVKPGDILLINSTGNLIAPRGYFKIQSGKSSIMRSDAHIEECYSECITPNGSISNDKPFQNVNKITYGACPRYVKQNTLKLATGMRNVPEKQNR	KYHEHN
A02478449|2019-04-29|cluster_IVA	QKLPGSDNSMATLCLGHHAVPNGTLVKTITDDQIEVTNATELVQSSSTGRICNSPHQILDGKNCTLIDALLGDPHCDDFQNKEWDLFVERSTAYSSCYPYYVPDYATLRSLVASSGNLKFTQEIFNWTGVTQDGSSYSCRRGSVNSFFSRLNWLYHLNYKYPEQNVTMPNNDKFDKLYIWGVHHPGTDKDQTNLYVQASGRVIVSTRRSQQTVIPNIGSRPWVRGVSSIISIYWTIVKPGDILLINSTGNLIAPRGYFKIQSGKSSIMRSDAHIDECNSECITPNGSISNDKPFQNVNKITYGACPRYVKQNTLKLATGMRNIPEKQTR	NYHNYK
A02478455|2019-05-06|cluster_IVA	QKLPGSDNSMATLCLGHHAVPNGTLVKTITDDQIEVTNATELVQSSSTGRICNSPHQILDGKNCTLIDALLGDPHCDDFQNKEWDLFVERSTAYSSCYPYYVPDYATLRSLVASSGNLKFTQEIFNWTGVTQDGSSYSCRRGSVNSFFSRLNWLYHLNYKYPEQNVTMPNNDKFDKLYIWGVHHPGTDKDQTNLYVQASGRVIVSTRRSQQTVIPNIGSRPWVRGVSSIISIYWTIVKPGDILLINSTGNLIAPRGYFKIQSGKSSIMRSDAHIDECNSECITPNGSISNDKPFQNVNKITYGACPRYVKQNTLKLATGMRNIPEKQTR	NYHNYK
A02478493|2019-05-20|cluster_IVA	QKLPGSDNSMATLCLGHHAVPNGTLVKTITDDQIEVTNATELVQSSSTGRICNSPHQILDGKNCTLIDALLGDPHCDDFQNKEWDLFVERSTAYSSCYPYYVPDYATLRSLVASSGNLKFNQEIFNWTGVTQDGSSYSCRRGSVNSFFSRLNWLYHLNYKYPEQNVTMPNNDKFDKLYIWGVHHPGTDKDQTNLYVQASGRVIVSTRRSQQTVIPNIGSRPWVRGVSSIISIYWTIVKPGDILLINSTGNLIAPRGYFKIQSGKSSIMRSDAHIDECNSECITPNGSISNDKPFQNVNKITYGACPRYVKQNTLKLATGMRNIPEKQTR	NYHNYK
A02478494|2019-05-20|cluster_IVA	QKLPGSDNSMATLCLGHHAVPNGTLVKTITDDQIEVTNATELVQSSSTGRICNSPHQILDGKNCTLIDALLGDPHCDDFQNKEWDLFVERSTAYSSCYPYYVPDYATLRSLVASSGNLKFTQEIFNWTGVTQDGSSYSCRRGSVNSFFSRLNWLYHLNYKYPEQNVTMPNNDKFDKLYIWGVHHPGTDKDQTNLYVQASGRVIVSTRRSQQTVIPNIGSRPWVRGVSSIISIYWTIVKPGDILLINSTGNLIAPRGYFKIQSGKSSIMRSDAHIDECNSECITPNGSISNDKPFQNVNKITYGACPRYVKQNTLKLATGMRNIPEKQTR	NYHNYK
A02478510|2019-05-30|cluster_IVA	QKLPGSDNSMATLCLGHHAVPNGTLVKTITDDQIEVTNATELVQSSSTGRICNSPHQILDGKNCTLIDALLGDPHCDDFQNKEWDLFVERSTAYSSCYPYYVPDYATLRSLVASSGNLKFNQEIFNWTGVTQDGSSYSCRRGSVNSFFSRLNWLYHLNYKYPEQNVTMPNNDKFDKLYIWGVHHPGTDKDQTNLYVQASGRVIVSTRRSQQTVIPNIGSRPWVRGVSSIISIYWTIVKPGDILLINSTGNLIAPRGYFKIQSGKSSIMRSDAHIDECNSECITPNGSISNDKPFQNVNKITYGACPRYVKQNTLKLATGMRNIPEKQTR	NYHNYK
A02478516|2019-05-30|cluster_IVA	QKLPGSDNSMATLCLGHHAVPNGTLVKTITDDQIEVTNATELVQSSSTGRICNSPHQILDGKNCTLIDALLGDPHCDDFQNKEWDLFVERSTAYSSCYPYYVPDYATLRSLVASSGNLKFTQEIFNWTGVAQDGSSYSCRKGSVNSFFSRLNWLYHLNYKYPEQNVTMPNNDKFDKLYIWGVHHPGTDKDQTNLYVQASGRVIVSTRRSQQTVIPNIGSRPWVRGVSSIISIYWTIVKPGDILLINSTGNLIAPRGYFKIQSGKSSIMRSDAHIDECNSECITPNGSISNDKPFQNVNKITYGACPRYVKQNTLKLATGMRNIPEKQTR	NYHNYK
A02478536|2019-06-10|cluster_IVA	QKLPGSDNSMATLCLGHHAVPNGTLVKTITDDQIEVTNATELVQSSSTGRICNSPHQILDGKNCTLIDALLGDPHCDDFQNKEWDLFVERSTAYSSCYPYYVPDYATLRSLVASSGNLKFTQEIFNWTGVTQDGSSYSCRRGSVNSFFSRLNWLYHLNYKYPEQNVIMPNNDKFDKLYIWGVHHPGTDKDQTNLYVQASGRVVVSTRRSQQTVIPNIGSRPWVRGVSSIISIYWTIVKPGDILLINSTGNLIAPRGYFKIQSGKSSIMRSDAHIDECNSECITPNGSISNDKPFQNVNKITYGACPRYVKQNTLKLATGMRNIPEKQTR	NYHNYK
A02478542|2019-06-17|cluster_IVA	QKLPGSDNSMATLCLGHHAVPNGTLVKTITDDQIEVTNATELVQSSSTGRICNSPHQILDGKNCTLIDALLGDPHCDDFQNKEWDLFVERSTAYSSCYPYYVPDYATLRSLVASSGNLKFTQEIFNWTGVTQDGSSYSCRRGSVNSFFSRLNWLYHLNYKYPEQNVTMPNNDKFDKLYIWGVHHPGTDKDQTNLYVQASGRVIVSTRRSQQTVIPNIGSRPWVRGVSSIISIYWTIVKPGDILLINSTGNLIAPRGYFKIQSGKSSIMRSDAHIDECNSECITPNGSISNDKPFQNVNKITYGACPRYVKQNTLKLATGMRNIPEKQTR	NYHNYK
A02478553|2019-06-24|cluster_IVA	QKLPGSDNSMATLCLGHHAVPNGTLVKTITDDQIEVTNATELVQSSSTGRICNSPHQILDGKNCTLIDALLGDPHCDDFQNKEWDLFVERSTAYSSCYPYYVPDYTTLRSLVASSGNLKFTQEIFNWTGVAQDGSSYSCRKGSVNSFFSRLNWLYHLNYKYPEQNVTMPNNDKFDKLYIWGVHHPGTDKDQTNLYVQASGRVIVSTRRSQQTVIPNIGSRPWVRGVSSIISIYWTIVKPGDILLINSTGNLIAPRGYFKIQSGKSSIMRSDAHIDECNSECITPNGSISNDKPFQNVNKITYGACPRYVKQNTLKLATGMRNIPEKQTR	NYHNYK
A02478554|2019-06-24|cluster_IVA	QKLPGSDNSMATLCLGHHAVPNGTLVKTITDDQIEVTNATELVQSSSTGRICNSPHQILDGKNCTLIDALLGDPHCDDFQNKEWDLFVERSTAYSSCYPYYVPDYATLRSLVASSGNLKFNQEIFNWTGVTQDGSSYSCRRGSVNSFFSRLNWLYHLNYKYPEQNVTMPNNDKFDKLYIWGVHHPGTDKDQTNLYVQASGRVIVSTRRSQQTVIPNIGSRPWVRGVSSIISIYWTIVKPGDILLINSTGNLIAPRGYFKIQSGKSSIMRSDAHIDECNSECITPNGSISNDKPFQNVNKITYGACPRYVKQNTLKLATGMRNIPEKQTR	NYHNYK
A02478564|2019-07-01|cluster_IVA	QKLPGSDNSMATLCLGHHAVPNGTLVKTITDDQIEVTNATELVQSSSTGRICNSPHQILDGKNCTLIDALLGDPHCDDFQNKEWDLFVERSTAYSSCYPYYVPDYATLRSLVASSGNLKFNQEIFNWTGVTQDGSSYSCRRGSVNSFFSRLNWLYHLNYKYPEQNVTMPNNDKFDKLYIWGVHHPGTDKDQTNLYVQASGRVIVSTRRSQQTVIPNIGSRPWVRGVSSIISIYWTIVKPGDILLINSTGNLIAPRGYFKIQSGKSSIMRSDAHIDECNSECITPNGSISNDKPFQNVNKITYGACPRYVKQNTLKLATGMRNIPEKQTR	NYHNYK
A02478578|2019-07-10|cluster_IVA	QKLPGSDNSMATLCLGHHAVPNGTLVKTITDDQIEVTNATELVQSSSTGRICNSPHQILDGKNCTLIDALLGDPHCDDFQNKEWDLFVERSTAYSSCYPYYVPDYATLRSLVASSGNLKFTQEIFNWTGIAQDGSSYSCRKGSVNSFFSRLNWLYHLNYKYPEQNVTMPNNDKFDKLYIWGVHHPGTDKDQTNLYVQASGRVIVSTRRSQQTVIPNIGSRPWVRGVSSIISIYWTIVKPGDILLINSTGNLIAPRGYFKIQSGKSSIMRSDAHIDECNSECITPNGSISNDKPFQNVNKITYGACPRYVKQNTLKLATGMRNIPEKQTR	NYHNYK
A02478600|2019-07-29|cluster_IVA	QKLPGSDNSMATLCLGHHAVPNGTLVKTITDDQIEVTNATELVQSSSTGRICNSPHQILDGKNCTLIDALLGDPHCDDFQNKEWDLFVERSTAYSSCYPYYVPDYATLRSLVASSGNLKFNQEIFNWTGVTQDGSSYSCRRGSVNSFFSRLNWLYHLNYKYPEQNVTMPNNDKFDKLYIWGVHHPGTDKDQTNLYVQASGRVIVSTRRSQQTVIPNIGSRPWVRGVSSIISIYWTIVKPGDILLINSTGNLIAPRGYFKIQSGKSSIMRSDAHIDECNSECITPNGSISNDKPFQNVNKITYGACPRYVKQNTLKLATGMRNIPEKQTR	NYHNYK
A02478604|2019-08-05|cluster_IVA	QKLPGSDNSMATLCLGHHAVPNGTLVKTITDDQIEVTNATELVQSSSTGRICNSPHQILDGKNCXLIDALLGDPHCDDFQNKEWDLFVERSTAYSSCYPYYVPDYATLRSLVASSGNLKFTQEIFNWTGVTQDGSSYSCRRGSVNSFFSRLNWLYHLNYKYPEQNVTMPNNDKFDKLYIWGVHHPGTDKDQTNLYVQASGRVIVSTRRSQQTVIPNIGSRPWVRGVSSIISIYWTIVKPGDILLINSTGNLIAPRGYFKIQSGKSSIMRSDAHIDECNSECITPNGSISNDKPFQNVNKITYGACPRYVKQNTLKLATGMRNIPEKQTR	NYHNYK
A02478605|2019-08-06|cluster_IVA	QKLPGSDNSMATLCLGHHAVPNGTLVKTITDDQIEVTNATELVQISSTGRICNSPHQILDGKNCTLIDALLGDPHCDDFQNKEWDLFVERSTAYSSCYPYYVPDYATLRSLVASSGNLKFTQEIFNWTGVAQDGSSYSCRRGSVNSFFSRLNWLYHLNYKYPEQNVTMPNNDKFDKLYIWGVHHPGTDKDQTNLYVQASGRVIVSTRRSQQTVIPNIGSRPWVRGVSSIISIYWTIVKPGDILLINSTGNLIAPRGYFKIQSGKSSIMRSDAHIDECNSECITPNGSISNDKPFQNVNKITYGACPRYVKQNTLKLATGMRNIPEKQTR	NYHNYK
A02478607|2019-08-12|cluster_IVA	QRLPGSDNSMATLCLGHHAVPNGTLVKTITDDQIEVTNATELVQSSSTGRICNSPHQILDGKNCTLIDALLGDPHCDDFQNKEWDLFVERSTAYSSCYPYYVPDYATLRSIVASSGNLEFTQESFNWTGVAQDGSSFSCRRGSDNSFFSRLNWLHKLNYKYPEQNVTMPNNDKFDKLYIWGVHHPGTDKDQTNLYVHESGRVIVSTKRSQQTVIPNIGSRPWVRGVSSIISIYWTIVKPGDTLVINSTGNLIAPRGYFKIQSGKSSIMRSDAHIDECNSECITPNGSISNDKPFQNVNKITYGACPRYVKQNTLKLATGMRNVPEKQTR	NHKNYK
A/swine/Iowa/A01480656/2014	QKLPGSDNSMATLCLGHHAVPNGTLVKTITDDQIEVTNATELVQSSSTGRICNSPHQILDGKNCTLIDALLGDPHCDDFQNKEWDLFVERSTAYSNCYPYYVPDYATLRSLVASSGNLEFTQESFNWTGVAQDGSSYACRRGSVKSFFSRLNWLYNLNYKYPEQNVTMPNNDKFDKLYIWGVHHPGTDKDQTNLYVQASGRVIVSTKRSQQTVIPNIGSRPWVRGVSSIISIYWTIVKPGDILLINSTGNLIAPRGYFKIQSGKSSIMRSDAHIDECNSECITPNGSISNDKPFQNVNKITYGACPRYVKQNTLKLATGMRNVPEKQTR	KYNNYK
A/swine/Indiana/A00968373/2012|cluster_IVA	QKLPGSDNSMATLCLGHHAVPNGTLVKTITDDQIEVTNATELVQSSSTGRICNSPHQILDGKNCTLIDALLGDPHCDDFQNKEWDLFVERSTAYSNCYPYYVPDYATLRSLVASSGNLEFTQESFNWTGVAQDGSSYACRRGSVNSFFSRLNWLYNLNYKYPEQNVTMPNNDKFDKLYIWGVHHPGTDKDQTNLYVQASGRVIVSTKRSQQTVIPNIGSRPWVRGVSSIISIYWTIVKPGDILLINSTGNLIAPRGYFKIQSGKSSIMRSDAHIDECNSECITPNGSISNDKPFQNVNKITYGACPRYVKQNTLKLATGMRNVPEKQTR	NYNNYK
A/swine/Pennsylvania/A01076777/2010	QKLPGSDNSTATLCLGHHAVPNGTLVKTITDDQIEVTNATELVQSSSTGRICNSPHQILDGKNCTLIDALLGDPHCDDFQNKEWDLFVERSTAYSNCYPYYVPDYVSLRSLVASSGTLEFTQENFNWTGVAQDGSSYACRRKSVNSFFSRLNWLYNLNYKYPALNVTMPNNDNFDKLYIWGVHHPGTDKDQTNLYIQASGRVTVSTKRSQQTVIPNIGSRPWVRGVSSIISIYWTIVKPGDILLINSTGNLIAPRGYFKIQSGKSSIMRSDAPIGNCKSECITPNGSIPNDKPFQNVNRITYGVCPRYVKQNTLKLATGMRNVPEKQTR	NYNNYK
A/swine/Indiana/A01202866/2011	QKLPGSDNSMATLCLGHHAVPNGTLVKTITDDQIEVTNATELVQSSSTGGICNSPHQILDGKNCTLIDALLGDPHCDDFQNKEWDLFVERSTAYSNCYPYYVPDYASLRSLVASSGTLEFTQESFNWTGVAQDGSSRSCRRGSGNSFFSRLNWLYHLGHKYPALNVTMPNNDNFDKLYIWGVHHPGTDEDQTSLYVQASGRVIVSTKRSQQTVIPNIGSRPWVRGVSSIISIYWTIVKPGDILLINSTGNLIAPRGYFKIQSGKSSIMRSDASIDNCNSECITPNGSIPNDKPFQNVNRITYGACPRYVKQNTLKLATGMRNVPEKQTR	NYNNYK
