antigen	ens_distance	motif	seq
A01728784|2016-01-04|cluster_IVA	3.344875871	KYNNSK	QKLPVSDNSMATLCLGHHAVPNGTLVKTITDDQIEVTNATELVQNSSTGRICNSPHQILDGKNCTLIDALLGDPHCDDFQNKEWDLFVERSTAYSNCYPYYVPDYATLRSLVASSGNLEFTQESFNWTGVAQDGSSFACRRGSVKSFFSRLNWLYNLNSRYPEQNVTMPNNDKFDKLYIWGVHHPGTDKDQIYLYAQAPGRVIVSTKRSQQTVIPNIGSRPWVRGVSSIISIYWTIVKPGDMLLINSTGNLIAPRGYFKIKSGKSSIMRSDAHIDECNSECITPNGSISNDKPFQNVNKITYGACPRYVKQNTLKLATGMRNVPEKQTR
A01729044|2016-01-07|cluster_IVA	6.180334028	KYNNYK	QKLPGSDNSMATLCLGHHAVPNGTLVKTITDDQIEVTNATELVQSSSTGRICNSPHQILDGKNCTLIDALLGDPHCDDFQNKKWDLFVERSTAYSNCYPYYVPDYATLRSLIASSGNLEFTQESFNWTGVAQDGSSYACRRGSVKSFFSRLNWLYNLNYKYPEQNVIMPNNDKFDKLYIWGVHHPGTDKDQTNLYVQASGRVIVSTKRSQQTVIPNIGSXPWVRGVSSIISIYWTIVKPGDILLINSTGNLIAPRGYFKIQSGKSSIMRSDAHIDECNSECITPNGSIPNDKPFQNVNKITYGACPRFVKQKTLKLATGMRNVPEKQTR
A01729047|2016-01-07|cluster_IVA	5.67613854	NYNNYK	QKLPESDNSMATLCLGHHAVPNGTLVKTITDDQIEVTNATELVQSSSTDRICNSPHQILDGKNCTLIDALLGDPHCDDFQNKKWDLFVE*STAYSNCYPYYVPDYATLRSLIASSGNLEFTQESFNWTGVAQDGSSYACRRGSVNSFFSRLNWLYNLNYKYPEQNVTMPNNDKFDKLYIWGVHHPSTDKDQTNLYVQASGRVIVSTKRSQQTVSPNIGSRPWVRGVSSIISIYWTIVKPGDILLINSTGNLIAPRGYFKILSGKSSIMRSDAHIDECNSECITPNGSIPNDKPFQNVNKITYGACPRYVKQNTLKLATGMRNVPEKQTR
A01729543|2016-01-14|cluster_IVA	7.145912293	KYNNYK	QKLPGSDNSMATLCLGHHAVPNGTLVKTLTDDQIEVTNATELVQSSSTGRICNSPHQILDGKNCTLIDALLGDPHCDDFQNKEWDLFVERSTAYSNCYPYYVPDYATLRSIVASSGSLEFTQESFNWTGVSQDGSSHACRRGSVKSFFSRLNWLYNLNYKYPEQNVTMPNNDKFDKLYIWGVHHPGTDKDQTNLYVQASGRVIVSTKRGQQTVIPSIGSRPWVKGVSSIISIYWTIVKPGDILVINSTGNLIAPRGYFKIQSGKSSIMRSDAHIDECNSECITPNGSISNDKPFQNVNKITYGACPRYVKQNTLKLATGMRNVPEKQTR
A01729547|2016-01-14|cluster_IVA	3.812921047	NYKNYS	QKLPGGDNSMATLCLGHHAVPNGTLVKTITDDQIEVTNATELVQSSSTGRICNSPHQILDGKNCTLIDALLGDPHCDEFQNKKWDLFVERSTAYSNCYPYYVPDYATLRSLVASSGNLEFTQESFNWTGIAQDGSSYACKRGSGNSFFSRLNWLYKLNYKYPEQNVTMPNNDKFDKLYIWGVHHPGTDSDQTSLYVQASGKVIVSTKRSQQTVIPNIGSRPWVRGVSSIISIYWTIVKPGDILLINSTGNLIAPRGYFKIQNGKSSIMRSDAHIDECNSECITPNGSISNDKPFQNVNKITYGACPRYIKQNTLKLATGMRNVPEKQTR
A01729658|2016-01-15|cluster_IVA	5.870707964	NYNNYK	QNPPGSDNNMATLCLGHHSVPNGTLVKTITDDQIEVTNATELVQSSSTGRICNSPHQILDGKNCTLIDALLGDPHCDDFQNKEWDLFVERSTAYSNCYPYYVPDYATLRSLVASSGNLAFTQENFNWTGVAQDGSSYACRRGSVNSFFSRLNWLYNLNYKYPEQNVTMPNNDKFDKLYIWGVHHPGTDKDQTNLYVQASGRVIVSTKRSQQAVIPNIGSRPWIRGVSSIISIYWTIVKPGDILLINSTGNLIAPRGYFKIQSGKSSIMRSDAHIDECNSECITPNGSIPNDKPFQNVNKITYGACPRYVKQNTLKLATGMRNVPEKQTR
A01730226|2016-01-26|cluster_IVA	6.409444206	KYNNYK	QKLPGSDNSMATLCLGHHAVPNGTLVKTITDDQIEVTNATELVQSSSTGRICNSPHQILDGKNCTLIDALLGDPHCDDFQNKKWDLFVERSTAYSNCYPYYVPDYATLRSLIASSGNLEFTQESFNWTGVAQDGSSYACRRGSVKSFFSRLNWLYNLNYKYPEQNVTMPNNDKFDKLYIWGVHHPGMDKDQTNLYVQASGRVIVSTKRSQQTVIPSIGSRPWVRGVSSIISIYWTIVKPGDILLINSTGNLIAPRGYFKIQSGKSSIMRSDAHIDECNSECITPNGSIPNDKPFQNVNKITYGACPRYVKQNTLKLATGMRNVPEKQTR
A01730466|2016-01-28|cluster_IVA	6.427735636	KYNNYK	QKLPGSDNSMATLCLGHHAVPNGTLVKTITDDQIEVTNATELVQSSSTGRICNSPHQIIDGKNCTLIDALLGDPHCDDFQNKKWDLFVERSTAYSNCYPYYVPDYATLRSLIASSGNLEFTQESFNWTGVAQDGSSYACRRGSVKSFFSRLNWLYNLNYKYPEQNVTMPNNDKFDKLYIWGVHHPGTDKDQTNLYVQASGRVIVSTKRSQQTVIPNIGSRPWVRGVSSIISIYWTIVKPGDILLINSTGNLIAPRGYFKILSGKSSIMRSDAHIDECNSECITPNGSIPNDKPFQNVNKITYGACPRYVKQNTLKLATGMRNVPEKQTR
A01730588|2016-01-29|cluster_IVA	5.367167975	NYNNYK	QKLPGSDNSMATLCLGHHAVPNGTLVKTITDDQIEVTNATELVQSSSTGRICNSPHQILDGKNCTLIDALLGDPHCDDFQNKEWDLFVERSTAYSNCYPYYVPDYATLRSLVASSGNLKFTQESFNWTGVAQDGSSYACRRESANSFFSRLNWLYNLNYKYPEQNVTMPNNDRFDKLYIWGVHHPGTDKDQTNLYVQASGRVIVSTKRSQQTVTPNIGSRPWVRGVSSIISIYWTIVKPGDILLINSTGNLIAPRGYFKIQSGKSSIMRSDAHIDECNSECITPNGSIPNDKPFQNVNKITYGACPRYVKQKTLKLATGMRNVPEKQTR
A01731777|2016-02-17|cluster_IVA	3.692058459	NYKNYS	QKLPGGDNSMATLCLGHHAVPNGTLVKTITDDQIEVTNATELVQSSSTGRICNSPHQILDGKNCTLIDALLGDPHCDDFQNKKWDLFVERSTAYSNCYPYYVPDYATLRSLVASSGNLEFTQESFNWTGIAQDGSSYACKRGSGNSFFSRLNWLYKLNYKYPEQNVTMPNNDKFDKLYIWGVHHPGTDSDQTSLYVQASGKVIVSTKRSQQTVIPNIGSRPWVRGVSSIISIYWTIVKPGDILLINSTGNLIAPRGYFKIQNGKSSIMRSDAHIDECNSECITPNGSISNDKPFQNVNKITYGACPRYIKQNTLKLATGMRNVPEKQTR
A01732197|2016-02-19|cluster_IVA	5.882076678	NYNNYK	QKLPGSDNSMATLCLGHHAVPNGTLVKTITDDQIEVTNATELVQSSSTGRICNSPHQILDGKNCTLIDALLGDPHCDDFQNKKWDLFVERSTAYSNCYPYYVPDYATLRSLIASSGNLEFTQESFNWTGVAQDGSSYACRRSSVNSFFSRLNWLYNLNYKYPEQNVTVPNNDKFDKLYIWGVHHPGTDKDQTNLYVQASGRVIVSTKRSQQTVIPNIGSRPWVRGVSSIISIYWTIVKPGDILLINSTGNLIAPRGYFKIQSGKSSIMRSDAHIDECNSECITPNGSIPNDKPFQNVNKITYGACPRYVKQNTLKLATGMRNVPEKQTR
A01732322|2016-02-24|cluster_IVA	5.531032208	NYNNYK	QKLPGSDNSMATLCLGHHAVPNGTLVKTITDDQIEVTNATELVQSSSTGRICNSPHQILDGKNCTLIDALLGDPHCDDFQNKKWDLFVERSTAYSNCYPYYVPDYATLRSLIASSGNLEFTQESFNWTGVAQDGSSYACRRGSVNSFFSRLNWLYNLNYKYPEQNVTMPNNDKFDKLYIWGVHHPGTDKDQTNLYVQASGRVIVSTKRSQQTVIPNIGSRPWVRGVSSIISIYWTIVKPGDILLINSTGNLIAPRGYFKIQSGKSSIMRSDAHIDECNSECVTPNGSIPNDKPFQNVNKITYGACPRYIKQNTLKLATGMRNVPEKQTR
A01732588|2016-02-29|cluster_IVA	4.593547288	KYHNNN	QKLPESDNSMAMLCLGHHAVPNGTLVKTITDDQIEVTNATELVQSSSTGRICNSPHQILDGKNCTLIDALLGDPHCDDFQNKEWDLFVERSTAYSNCYPYYVPDYATLRSLVASSGTLEFTQESFNWTGVAQDGSSYACRRRSVKSFFSRLNWLYHLNNKYPEQNVTMPNNDKFDKLYIWGVHHPGTDNDQTYLYAQAPGRVIVSTKRSQQTVIPNIGSRPWVRGVSSIISIYWTIVKPGDMLLINSTGNLIAPRGYFKIQSGKSSIMRSDAHIDECNSECITPNGSIPNDKPFQNVNKITYGACPRYVKQNTLKLATGMRNVPEKQTR
A01732888|2016-03-07|cluster_IVA	5.691787223	NYNNYK	QKLPGSDNSMATLCLGHHAVPNGTLVKTITDDQIEVTNATELVQSSSTGRICNSPHQILDGKNCTLIDALLGDPHCDDFQNKKWDLFVERSTAYSNCYPYYVPDYATLRSLIASSGNLEFTQESFNWTGVAQDGSSYACRRGSVNSFFSRLNWLYNLNYKYPEQNVTMPNNDKFDKLYIWGVHHPGMDKDQTNLYVQASGRVIVSTKRSQQTVIPSIGSRPWVRGVSSIISIYWTIVKPGDILLINSTGNLIAPRGYFKIQSGKSSIMRSDAHIDECNSECITPNGSIPNDKPFQNVNKITYGACPRYVKQNTLKLATGMRNVPEKQTR
A01732941|2016-03-08|cluster_IVA	6.674076235	KYNNYK	QKLPGSDNSMATLCLGHHAVPNGTLVKTITDDQIEVTNATELVQNSSTGRICNSPHQILDGKNCTLIDALLGDPHCDDLQNKKWDLFVERSTAYSNCYPYYVPDYATLRSLIASSGNLEFTQESFNWTGVAQDGSSYACKRGSVKSFFSRLNWLYNLNYKYPEQNVTMPNNDKFDKLYIWGVHHPGTDKDQTNLYVQASGRVIVSTKRSQQTVIPNIGSRPWVRGVSSIISIYWTIVKPGDILLINSTGNLIAPRGYFKIQSGESSIMRSDAHIDECNSECITPNGSIPNDKPFQNVNKITYGACPRYVKQNTLKLATGMRNVPEKQTR
A01733626|2016-03-16|cluster_IVA	6.373285721	SYKNYK	QKLPGSDNSMATLCLGHHAVPNGTLVKTLTDDQIEVTNATELVQSSSTGRICNSPHQILDGKNCTLIDALLGDPHCDDFQNKKWDLFVERSTAYSNCYPYYVPDYATLRSLVASSGNLEFTQENFNWTGVDQGGSSNTCKRGSVSSFFSRLNWLYKLNYKYPEQNVAMPNNDKFDKLYIWGVHHPGTDKDQTNLYAQASGRVVVSTKRSQQTVIPNIGSVPWVRGVSSIISIYWTIVKPGDILLINSTGNLIAPRGYFKIQSGKSSIMKSDAHIDECNSECITPNGSIPNDKPFQNVNKITYGACPRYVKQNTLKLATGMRNVPEKQTR
A01733733|2016-03-18|cluster_IVA	5.297823502	KYNNYK	QKLPGSDNSMATLCLGHHAVPNGTLVKTITDDQIEVTNATELVQSSSTGRICNSPHQILDGKNCTLIDALLGDPHCDDFQNKKWDLFVERSTAYSNCYPYYVPDYATLRSLIASSGNLEFTQESFNWTGVTQDGSSNACRRGSVKSFFSRLNWLYNLNYKYPEQNVTMPNNDKFDKLYIWGVHHPGTDKDQTNLYVQASGRVIVSTKRSQQTVIPNIGSRPWVRGVSSIISIYWTIVKPGDILLINSTGNLIAPRGYFKIQSEKSSIMRSDAHIDECNSECITPNGSIPNDKPFQNVNKITYGACPRYVKQNTLKLATGMRNVPEKQTR
A01894277|2016-03-28|cluster_IVA	5.691787223	NYNNYK	QKLPGSDNSMATLCLGHHAVPNGTLVKTITDDQIEVTNATELVQSSSTGRICNSPHQILDGKNCTLIDALLGDPHCDDFQNKKWDLFVERSTAYSNCYPYYVPDYATLRSLIASSGNLEFTQESFNWTGVAQDGSSYACRRGSVNSFFSRLNWLYNLNYKYPEQNVTMPNNDKFDKLYIWGVHHPGMDKDQTNLYVQASGRVIVSTKRSQQTVIPSIGSRPWVRGVSSIISIYWTIVKPGDILLINSTGNLIAPRGYFKIQSGKSSIMRSDAHIDECNSECITPNGSIPNDKPFQNVNKITYGACPRYVKQNTLKLATGMRNVPEKQTR
A01894589|2016-04-01|cluster_IVA	7.083709051	SYKNYK	QKLPGSDNSMATLCLGHHAVPNGTLVKTLTDDQIEVTNATELVQSSSTGRICNSPHQILDGKNCTLIDALLGDPHCDDFQNKKWDLFVERSTAYSNCYPYYVPDYATLRSLVASSGNLEFTQENFNWTGVDQGGSSYTCKRGSVSSFFSRLNWLYKLNYKYPEQNVNMPNNDKFDKLYIWGVHHPGTDKDQTNLYAQASGRVVVSTKRSQQTVIPNIGSVPWVRGVSSIISIYWTIVKPGDILLINSTGNLIAPRGYFKIQSGKSSIMKSDAHIDECNSECITPNGSIPNDKPFQNVNKITYGACPRYVKQNTLKLATGMRNVPXKQTR
A01895671|2016-04-19|cluster_IVA	5.156077556	KYNNNN	QKLPESDNSMATLCLGHHAVPNGTLVKTITDDQIEVTNATELVQSSSTGRICNSPHQILDGKNCTLIDALLGDPHCDDFQNKEWDLFVERSTAYSNCYPYHVPDYATLRSLVASSGNLEFTQESFNWTGVTQDGSSYACRRRSVKSFFSRLNWLYNLNNKYPEQNVTMPNNDKFDKLYIWGVHHPGTDNDQTYLYAQAPGRVIVSTKRSQQTVIPNIGSRPWVRGVSSIISIYWTIVKPGDMLLINSTGNLIAPRGYFKIQSGKSSIMRSDAHIDECNSECITPNGSIPNDKPFQNVNKITYGACPRYVKQNTLKLATGMRNVPEKQTR
A01895763|2016-04-20|cluster_IVA	5.559214993	NYNNYK	QKLPGSDNSMATLCLGHHAVPNGTLVKTITDDQIEVTNATELVQSSSTGRICNSPHQILDGKNCTLIDALLGDPHCDDFQNKKWDLFVERSTAYSNCYPYYVPDYATLRSLIASSGNLEFTQESFNWTGVAQDGSSYACRRGSVNSFFSRLNWLYNLNYKYPEQNVTMPNDDKFDKLYIWGVHHPGTDKDQTNLYVQASGRVIVSTKRSQQTVIPNIGSRPWVRGVSSIISIYWTIVKPGDILLINSTGNLIAPRGYFKIQSGKSSIMRSDAHIDECNSECVTPNGSIPNDKPFQNVNKITYGACPRYIKQNTLKLATGMRNVPEKQTR
A01895772|2016-04-20|cluster_IVA	6.693136659	NYNNYK	QKLPGSDNSMATLCLGHHAVPNGTLVKTITDDQIEVTNATELVQSSSTGRICNSPHQILDGKNCTLIDALLGDPHCDDFQNKKWDLFVERSTAYSNCYPYYVPDYATLRSLIASSGNLEFTQESFNWTGVAQGGSSYACKRGSVNSFFSRLNWLYNLNYKYPEQNVTMPNNDKFDKLYIWGVHHPGTDKDQTNLYVQASGRVIVSTKRSQQTVIPSIGSRPWVRGVSSIISIYWTIVKPGDILLINSTGNLIAPRGYFKIQSGKSSIMRSDAHIDECNSECITPNGSIPNDKPFQNVNKITYGACPRYVKQNTLKLATGMRNVPEKQTR
A01895828|2016-04-20|cluster_IVA	3.993667459	NHKNYS	QKLPGGDNSMATLCLGHHAVPNGTLVKTITDDQIEVTNATELVQSSSTGRICNSPHQILDGKNCTLIDALLGDPHCDDFQNKKWDLFVERSTAYSNCYPYYVPDYATLRSLVASSGNLEFTQESFNWTGIAQDGSSYACKRGSGNSFFSRLNWLHKLNYKYPEQNVTMPNNDKFDKLYIWGVHHPGTDSDQTSLYVQASGKVIVSTKRSQQTVIPNIGSRPWVRGVSSIISIYWTIVKPGDILLINSTGNLIAPRGYFKIQNGKSSIMRSDAHIDGCNSECITPNGSISNDKPFQNVNKITYGACPRYIKQNTLKLATGMRNVPEKQTR
A01895864|2016-04-21|cluster_IVA	3.812921047	NYKNYS	QKLPGGDNSMATLCLGHHAVPNGTLVKTITDDQIEVTNATELVQSSSTGRICNSPHQILDGKNCTLIDALLGDPHCDEFQNKKWDLFVERSTAYSNCYPYYVPDYATLRSLVASSGNLEFTQESFNWTGIAQDGSSYACKRGSGNSFFSRLNWLYKLNYKYPEQNVTMPNNDKFDKLYIWGVHHPGTDSDQTSLYVQASGKVIVSTKRSQQTVIPNIGSRPWVRGVSSIISIYWTIVKPGDILLINSTGNLIAPRGYFKIQNGKSSIMRSDAHIDECNSECITPNGSISNDKPFQNVNKITYGACPRYIKQNTLKLATGMRNVPEKQTR
A01895932|2016-04-22|cluster_IVA	5.804178146	NYKNYK	QKLPGSDNSMATLCLGHHAVPNGTLVKTITDDQIEVTNATELVQSSSTGSICNSPHQILDGKNCTLIDALLGDPHCDGFQNKKWDLFVERSTAYSNCYPYYVPDYATLRSLIASSGNLEFTQESFNWTGVAQDGSSYACRRGSVNSFFSRLNWLYKLNYKYPEQNVIMPNNDKFDKLYIWGVHHPGTDKDQTNLYVQASGRVIVSTKRSQQTVIPNIGSRPWVRGVSSIISIYWTIVKPGDILLINSTGNLIAPRGYFKILSGKSSIMRSDAHIDECNSECITPNGSIPNDKPFQNVNKITYGACPRYVKQNTLKLATGMRNVPEKQTR
A01775092|2016-05-12|cluster_IVA	6.045948061	KYHDYK	QKLPGSDDSMATLCLGHHAVPNGTLVKTITDDQIEVTNATELVQSSSTGKICNSPHHILDGKNCTLIDALLGDPHCDDFQNKKWDLFVERSTAYSNCYPYYVPDYATLRSLVASSGNLEFTQEIFNWTGVAQDGSSYACRRGSDKSFFSRLNWLYHLDYNYPEQNVTMPNNNQFDKLYIWGVHHPGTDKDQTSLYAQTSGRVIVSTKRSQQTVIPNIGSRPWVRGVSSIISIYWTIVKPGDILLINSTGNLIAPRGYFKIQSGKSSIMRSDAHIDECNSECITPNGSISNDKPFQNVNKITYGACPRYIKQNTLKLATGMRNVPEKQTR
A01775461|2016-05-18|cluster_IVA	6.500603211	KYNNYK	QKLPGSDNSMATLCLGHHAVPNGTLVKTITDDQIEVTNATELVQNSSTGRICNSPHQILDGKNCTLIDALLGDPHCDDFQNKKWDLFVERSTAYSNCYPYYVPDYATLRSLIASSGNLEFTQESFNWTGVAQDGSSYACKRGPVKSFFSRLNWLYNLNYKYPEQNVTMPNNDKFDKLYIWGVHHPGTDKDQTNLYVQASGRVIVSTKRSQQTVIPNIGSRPWVRGVSSIISIYWTIVKPGDILLINSTGNLIAPRGYFKIQSGESSIMRSDAHIDECNSECITPNGSIPNDKPFQNVNKITYGACPRYVKQNTLKLATGMRNVPEKQTR
A01775853|2016-05-25|cluster_IVA	3.221310543	KYNNSK	QKLPVSDNSMATLCLGHHAVPNGTLVKTITDDQIEVTNATELVQNSSTGRICNSPHQILDGKNCTLIDALLGDPHCDDFQNKEWDLFVERSTAYSNCYPYYVPDYATLRSLVASSGNLEFTQESFNWTGVAQDGSSFACRRGSDKSFFSRLNWLYNLNSRYPEQNVTMPNNDKFDKLYIWGVHHPGTDKDQIYLYAQAPGRVIVSTKRSQQTVIPNIGSRPWVRGVSSIISIYWTIVKPGDMLLINSTGNLIAPRGYFKIKSGKSSIMRSDAHIDECNSECITPNGSISNDKPFQNVNKITYGACPRYVKQNTLKLATGMRNVPEKQTR
A01776961|2016-06-23|cluster_IVA	6.785861701	NYNNYK	QKLPGSDNSMATLCLGHHAVPNGTLVKTITDDQIEVTNATELVQGSSTGRICNSPHQILDGKNCTLIDALLGDPHCDDFQNKEWDLFVERSTAYSNCYPYYVPDYATLRSLVASSGNLKFTQEIFNWTGVAQEGSSYSCKRGSVNSFFSRLNWLYNLNYKYPEQNVTMPNNDKFDKLYIWGVHHPGTDKDQTNLYAQASGRVIVSTRRSQQTVIPNIGSRPWVRGVSSIISIYWTIVKPGDILLINSTGNLIAPRGYFKIQSGKSSIMRSDAHIDECNSECITPNGSISNDKPFQNVNKITYGACPRYVKQNTLKLATGMRNVPEKQTR
A01777393|2016-07-07|cluster_IVA	3.842202331	NYKNYS	QKLPGGDNSMATLCLGHHAVPNGTLVKTITDDQIEVTNATELVQSSSTGRICNSPHQILDGKNCTLIDALLGDPHCDDFQNKKWDLFVERSTAYSNCYPYYVPDYATLRSLVASSGNLEFTQESFNWTGIAQDGSSYACKRGSGNSFFSRLNWLYKLNYKYPEQNVTMPNNDKFDKLYIWGVHHPGTDSDQTSLYVQASGKVIVSTKRSQQTVIPNIGSRPWVRGVSSIISIYXTIVKPGDILLINSTGNLIAPRGYFKIQNGKSSIMRSDAHIDECNSECITPNGSISNDKPFQNVNKITYGACPRYIKQNTLKLATGMRNVPEKQTR
A01777830|2016-07-22|cluster_IVA	6.803969043	NYNNYK	QKLPGSDNSMATLCLGHHAVPNGTLVKTITDDQIEVTNATELVQGSSTGRICNSPHQILDGKNCTLIDALLGDPHCDDFQNKEWDLFVERSTAYSNCYPYYVPDYATLRSLVASSGNLKFTQEIFNWTGVAQEGSSYSCRRGSVNSFFSRLNWLYNLNYKYPEQNVTMPNNDKFDKLYIWGVHHPGTDKDQTNLYAQASGRVIVSTRRSQQTVIPNIGSRPWVRGVSSIISIYWTIVKPGDILLINSTGNLIAPRGYFKIQNGKSSIMRSDAHIDECNSECITPNGSISNDKPFQNVNKITYGACPRYVKQNTLKLATGMRNVPEKQTR
A01777894|2016-07-25|cluster_IVA	6.024563539	KYHNYK	QKLPGSDDSMATLCLGHHAVPNGTLVKTITDDQIEVTNATELVQSSSTGKICNSPHNILDGKNCTLIDALLGDPHCDDFQNKKWDLFVERSTAYSNCYPYYVPDYATLRSLVASSGNLEFTQEIFNWTGVAQDGSSYACRRGSDKSFFSRLNWLYHLNYNYPEQNVTMPNNNQFDKLYIWGVHHPGTDKDQTSLYAQTSGRVIVSTKRSQQTVIPNIGSRPWVRGVSSIISIYWTIVKPGDILLINSTGNLIAPRGYFKIQSGKSSIMRSDAHIDECNSECITPNGSISNDKPFQNVNKITYGACPRYVKQNTLKLATGMRNVPEKQTR
A01777989|2016-07-28|cluster_IVA	5.754326204	NYNNYK	QKLPGSDNSMATLCLGHHAVPNGTLVKTITDDQIEVTNATELVQSSSTGRICNSPHQILDGKNCTLIDALLGDPHCDDFQNKKWDLFVERSTAYSNCYPYYVPDYATLRSLIASSGNLEFTQESFNWTGVAQDGSSYACRRGSVNSFFSRLNWLYNLNYKYPEQNVTMPNDDKFDKLYIWGVHHPGTDKDQTNLYVQASGRVIVSTKRSQQTVIPNIGSRPWVRGVSSIISIYWTIVKPGDILLINSTGNLIAPRGYFKIQNGKSSIMRSDAHIDECNSECVTPNGSIPNDKPFQNVNKITYGACPRYIKQNTLKLATGMRNVPEKQTR
A01778607|2016-08-17|cluster_IVA	6.09723454	KYHDYK	QKLPGSDDSMATLCLGHHAVPNGTLVKTITDDQIEVTNATELVQSSSTGKICNSPHHILDGKNCTLIDALLGDPHCDDFQNKKWDLFVERSTAYSNCYPYYVPDYATLRSLVASSGNLEFTQEIFNWTGVAQDGSSYACRRGSDKSFFSRLNWLYHLDYNYPEQNVTMPNNNQFDKLYIWGVHHPGTDKDQTSLYAQTSGRVIVSTKRSQQTVIPNIGSRPWVRGVSSIISIYWTIVKPGDILLINSTGNLIAPRGYFKIQGGKSSIMRSDAHIDECNSECITPNGSISNDKPFQNVNKITYGACPRYIKQNTLKLATGMRNVPEKQTR
A01781224|2016-09-12|cluster_IVA	4.92939835	KYKNHS	QKLPGGDNSMATLCLGHHAVPNGTLVKTITDEQIEVTNATELVQSSSTGRICNSPHQILDGKNCTLIDALLGDPHCDEFQNKKWDLFVERSTAYSNCYPYYVPDYATLRSLVASSGNLEFTQESFNWTGIAQDGSSYACKRGSGKSFFSRLNWLYKLNHKYPEQNVTMPNNDKFDKLYIWGVHHPGTDSDQTSLYVQASGKVIVSTKRSQQTVIPNIGSRPWVRGVSSIISIYWTIVKPGDILLINSTGNLIAPRGYFKIQNGKSSIMRSDAHIDECNSECITPNGSISNDKPFQNVNKITYGACPRYIKQNTLKLATGMRNVPEKQTR
A01781410|2016-09-16|cluster_IVA	6.589674876	KYNNYK	QKLPGSDNSMAMLCLGHHAVPNGTLVKTITDDQIEVTNATELVQSSSTGRICNSPHQILDGKNCTLIDALLGDPHCDDFQNKKWDLFVERSTAYSNCYPYYVPDYATLRSLIASSGNLEFTXENFNWTGVAQDGSSYACRRGSVKSFFSRLNWLYNLNYKYPEQNVTMPNNDKFDKLYIWGVHHPGTDKDQTNLYVQASGRVVVSTKRSQQTVIPNIGSRPWVRGVSSIISVYWTIVKPGDILLINSTGNLIAPRGYFKIQSGKSSIMRSDAHIDECNSECITPNGSIPNDKPFQNVNKITYGACPRFVKQKTLKLATGMRNVPEKQTR
A01781579|2016-09-21|cluster_IVA	4.92939835	KYKNHS	QKLPGGDNSMATLCLGHHAVPNGTLVKTITDEQIEVTNATELVQSSSTGRICNSPHQILDGKNCTLIDALLGDPHCDEFQNKKWDLFVERSTAYSNCYPYYVPDYATLRSLVASSGNLEFTQESFNWTGIAQDGSSYACKRGSGKSFFSRLNWLYKLNHKYPEQNVTMPNNDKFDKLYIWGVHHPGTDSDQTSLYVQASGKVIVSTKRSQQTVIPNIGSRPWVRGVSSIISIYWTIVKPGDILLINSTGNLIAPRGYFKIQNGKSSIMRSDAHIDECNSECITPNGSISNDKPFQNVNKITYGACPRYIKQNTLKLATGMRNVPEKQTR
A01782435|2016-10-19|cluster_IVA	5.849304091	KYNNHK	QKLPGSDNSMATLCLGHHAVPNGTLVKTITDDQIEVTNATELVQSSSTGRICNSPHQILDGKNCTLIDALLGDPHCDGFQNKKWDLFVERSTAYSNCYPYYVPDYATLRSIIASSGNLEFTQESFNWTGVAQDGSSYACRRGSVKSFFSRLNWLYNLNHKYPEQNVTMPNNDEFDKLYIWGVHHPGTDKDQTNLYVQASGRVIVSTKRSQQTVIPNIGSRPWVRGVSSIISIYWTIVKPGDILLINSTGNLIAPRGYFKILSGKSSIMRSDAHIDECNSECITPNGSIPNDKPFQNVNRITYGACPRYIKQNTLKLATGMRNVPEKQTR
A01668240|2016-11-14|cluster_IVA	4.227183733	NYKNYS	QKLPGGDNSMATLCLGHHAVPNGTLVKTITDDQIEVTNATELVQSSSTGRICNSPHQILDGKNCTLIDALLGDPHCDEFQNKKWDLFVERSTAYSNCYPYYVPDYATLRSLVASSGNLEFIQESFNWTGIAQDGSSYACKRGSGNSFFSRLNWLYKLNYKYPEQNVTMPNNDKFDKLYIWGVHHPGTDSDQTSLYVQASGKVIVSTKRSQQTVIPNIGSRPWVRGVSSIISIYWTIVKPGDILLINSTGNLIAPRGYFKIQNGKSSIMRSDAHIDECNSECITPNGSISNDKPFQNVNKITYGACPRYIKQNTLKLATGMRNVPEKQTR
A01668207|2016-11-14|cluster_IVA	5.55514671	KYHDYK	QKLPGSDNSMATLCLGHHAVPNGTLVKTITDDQIEVTNATELVQSSSTGRICNSPHQILDGKNCTLIDALLGDPHCDDFQNKKWDLFIERSTAYSNCYPYYVPDYATLRSLVASSGNLEFTQESFNWTGVAQDGSSYSCRRGSDKSFFSRLNWLYHLDYKYPEQNVTMSNNDKFDKLYIWGVHHPGTDKDQTNLYVQSSGRVIVSTKRSQQTVIPNIGYKPWVRGVSSIISIYWTIVKPGDIFLINSTGNLIAPRGYFKIQSGKSSIMRSDAHIDECNSECITPNGSISNDKPFQNVNKITYGACPRYVKQNTLKLATGMRNVPEKQTR
A01671000|2016-12-07|cluster_IVA	3.817069478	NYKNYN	QKLPGGDNSMATLCLGHHAVPNGTLVKTITDDQIEVTNATELVQSSSTGRICNSPHQILDGKNCTLIDALLGDPHCDDFQNKKWDLFVERSTAYSNCYPYYVPDYATLRSLVASSGNLEFTQESFNWTGIAQDGSSYACKRGSGNSFFSRLNWLYKLNYKYPEQNVTMPNNDKFDKLYIWGVHHPGTDNDQTSLYAQASGKVIVSTKRSQQTVIPNIGSRPWVRGVSSIISIYWTIVKPGDILLINSTGNLIAPRGYFKIQNGKSSIMRSDAHIDECNSECITPNGSISNDKPFQNVNKITYGACPRYIKQNTLKLATGMRNVPEKQTR
A01671226|2016-12-12|cluster_IVA	4.518555591	NYNNYK	QKLPGSDNSMATLCLGHHAVPNGTLVKTITDDQIEVTNATELVQSSSTGRICNSPHQILDGKNCTLIDALLGDPHCDDFQNKKWDLFVERSTAYSNCYPYYVPDYATIRSLIASSGNLEFTQESFNWTGVAQDGSSYACRRGSVNSFFSRLNWLYNLNYKYPEQNVTMPNNDKFDKLYIWGVHHPGTDKDQTSLYVQAPGRVIVSTKRSQQTVIPNIGPRPWVRGVSSIISIYWTIVKPGDILLINSTGNLIAPRGYFKIQSGKSSIMRSDAHIDECNSECITPNGSIPNDKPFQNVNKITYGACPRYVKQNTLKLATGMRNVPEKQTR
A01671574|2016-12-21|cluster_IVA	6.700407223	NYNNYK	QKLPGSDNSMATLCLGHHAVPNGTLVKTITDDQIEVTNATELVQSSSTSRICNSPHQILDGKNCTLIDALLGDPHCDDFQNKKWDLFVERSTAYSNCYPYYVPDYATLRSLIASSGNLEFTQESFNWTGVAQDGSSYACRRGSVNSFFSRLNWLYNLNYKYPEQNVTMPNNDKFDKLYIWGVHHPGTDKDQTNLYVQASGRVIVSTKRSQQTVIPNIGSRPWVRGVSSIISIYWTIVKPGDILLINSTGNLIAPRGYFKIQSGKSSIMRSDAHIDECNSECITPNGSIPNDKPFQNVNKITYGACPRYVKQNTLKLATGMRNVPEKQTR
A01671744|2016-12-29|cluster_IVA	4.257148836	NYNNYK	QKLPGSDNSMATLCLGHHAVSNGTLVKTITDDQIEVTNATELVQSSSTGRICNSPHQILDGKNCTLIDALLGDPHCDDFQNKEWDLFVERSTAYSNCYPYYVPDYATLRSLVASSGNLEFTQENFNWTGVAQDGSSYACRRGSVNSFFSRLNWLYNLNYKYPEQNVTMPNNDKFDKLYIWGVHHPGTDKDQTNLYAQASGRVIVSTKRSQQTVIPNIGSRPWVRGVSSIISIYWTIVKPGDIFLINSTGNLIAPRGYFKIQSGKSSIMRSDAHIDECNSECITPNGSIPNDKPFQNVNKITYGACPRYVKQNTLKLATGMRNVPEKQTR
A01671944|2017-01-03|cluster_IVA	5.55514671	KYHDYK	QKLPGSDNSMATLCLGHHAVPNGTLVKTITDDQIEVTNATELVQSSSTGRICNSPHQILDGKNCTLIDALLGDPHCDDFQNKKWDLFIERSTAYSNCYPYYVPDYATLRSLVASSGNLEFTQESFNWTGVAQDGSSYSCRRGSDKSFFSRLNWLYHLDYKYPEQNVTMSNNDKFDKLYIWGVHHPGTDKDQTNLYVQSSGRVIVSTKRSQQTVIPNIGYKPWVRGVSSIISIYWTIVKPGDIFLINSTGNLIAPRGYFKIQSGKSSIMRSDAHIDECNSECITPNGSISNDKPFQNVNKITYGACPRYVKQNTLKLATGMRNVPEKQTR
A01672517|2017-01-30|cluster_IVA	5.902212494	NYNNYK	QKLPGSDNSMATLCLGHHAVPNGTLVKTITDDQIEVTNATELVQSSSTGRICNSPHQILDGKNCTLIDALLGDPHCDDFQNKKWDLFVERSTAYSNCYPYYVPDYATLRSLIASSGNLEFTQESFNWTGVAQDGSSYACRRGSVNSFFSRLNWLYNLNYKYPEQNVTMPNNDKFDKLYIWGVHHPSTDKDQTNLYAQASGRVIVSTKRSQQTVIPNIGSRPWVRGVSSIISIYWTIVKPGDALLINNTGNLIAPRGYFRILSGKSSIMRSDAHIDECNSECITPNGSIPNDKPFQNVNKITYGACPRYVKQNTLKLATGMRNVPEKQTR
A01672826|2017-02-10|cluster_IVA	3.854453318	NYNNYK	QKLPGSDNSTATLCLGHHAVPNGTLVKTITDDQIEVTNATELVQSSSTGRICNSPHQILDGKNCTLIDALLGDPHCDDFQNKEWDLFVERSTAYSNCYPYYVPDYATLRSLVASSGNLEFTQESFNWTGVAQDGSSYACRRGSVNSFFSRLNWLYNLNYKYPEQNVTMPNNDKFDKLYIWGVHHPGTDKDQTNLYVQASGRVIVSTKISQQTVIPNIGSRPWVRGVSSIISIYWTIVKPGDILLINSTGNLIAPRGYFKIQSGKSSIMRSDAHIDECNSECITPNGSISNDKPFQNVNKITYGACPRYVKQNTLKLATGMRNVPEKQTR
A01932044|2017-02-17|cluster_IVA	3.481966052	KYNNSK	QKLPESDNSMATLCLGHHAVPNGTLVKTITDDQIEVTNATELVQSSSTGRICNSPHQILDGKNCTLIDSLLGDPHCDDFQNKKWDLFVERSTAYSNCYPYYVPDYATLRSIVASSGNLEFTQESFNWTGVAQDGSSSACKRGSAKSFFSRLNWLYNLNSRYPEQNVTMPNNDKFDKLYIWGVHHPGTDKDQTYLYAQTPGRVIVSTKRSQQTVIPDVGSRPWVRGVSSIISIYWTIVKPGDMLLINSTGNLIAPRGYFKMQSGKSSIMRSDAHIDECNSECITPNGSISNDKPFQNVNKITYGACPRYVKQNTLKLATGMRNVPEKQTR
A02214841|2017-04-25|cluster_IVA	5.841955522	NYNNYK	QKPPGSENNMATLCLGHHAVPNGTLVKTITDDQIEVTNATELVQSSSTGRICNSPHQILDGKNCTLIDALLGDPHCDDFQNKEWDLFVERSTAYSNCYPYYVPDYATLRSLVASSGNLEFTQESFNWTGVAQDGSSYACRRGSVNSFFSRLNWLYNLNYKYPEQXVTMPNNDKFDKLYIWGVHHPGTDKDQTNLYAQASGRVIVSTKRNQQTVIPNIGSRPWVRGVSSIMSIYWTIVKPGDILLINSTGNLIAPRGYFKIQSGKSSIMRSDAHIDECNSECITPNGSIPNDKPFQNVNKITYGACPRYVKQNTLKLATGMRNVPDKQTR
A02214844|2017-04-25|cluster_IVA	6.700407223	NYNNYK	QKLPGSDNSMATLCLGHHAVPNGTLVKTITDDQIEVTNATELVQSSSTSRICNSPHQILDGKNCTLIDALLGDPHCDDFQNKKWDLFVERSTAYSNCYPYYVPDYATLRSLIASSGNLEFTQESFNWTGVAQDGSSYACRRGSVNSFFSRLNWLYNLNYKYPEQNVTMPNNDKFDKLYIWGVHHPGTDKDQTNLYVQASGRVIVSTKRSQQTVIPNIGSRPWVRGVSSIISIYWTIVKPGDILLINSTGNLIAPRGYFKIQSGKSSIMRSDAHIDECNSECITPNGSIPNDKPFQNVNKITYGACPRYVKQNTLKLATGMRNVPEKQTR
A02215031|2017-05-02|cluster_IVA	6.08732869	NYKNYK	QKLPESDNSMATLCLGHHAVPNGTLVKTITDDQIEVTNATELVQSASTGRICNGPHQILDGKNCTLIDALLGDPHCDDLQNKEWDLFVERSTAYSNCYPYYVPDQATLRSLVASSGKLEFTQESFNWTGVAQDGSSYSCRRGSVNSFFSRLNWLYKLNYKYPEQNVTMPNNDRFDKLYIWGVHHPGTDKDQTNLYVQESGRVIVSTKRSQQTVIPSIGSRPWVRGVSSIISIYWTIVKPGDILLINSSGNLIAPRGYFKIQSGKSSIMRSDAHIDECNSECITPNGSISNDKPFQNVNKITYGACPRYVKQNTLKLATGMRNVPEKQTR
A02215046|2017-05-02|cluster_IVA	6.043827865	KYNEYK	QKLPGNDNSMATLCLGHHAVPNGTFVKTITDDQVEVTNATELIQSSSTGRICNSPHHILDGKNCTLIDALLGDPHCDDFQNKEWDLFVERSTAYSNCYPYYVPDYATLRSLIASSGNLEFTQESFNWTGVAQDGSSYACRRGSVKSFFSRLNWLYNLEYKYPEQNVTMPNNDKFDKLYIWGVHHPGTDKDQTNLYVQASGRVIVSTKRSQQTVIPNIGSRPWVRGVSSIISIYWTIVKPGDILLINSTGNLIAPRGYFKIQSGKSSIMRSDAHIDECYSECITPNGSISSDKPFQNVNKITYGACPRYVKQNTLKLATGMRNVPEKQTR
A02217400|2017-06-28|cluster_IVA	5.718561676	NYNNYK	QKLPGSDNSMATLCLGHHAVPNGTLVKTITDDQIEVTNATELVQSSSTGRICNSPHQILDGKNCTLIDALLGDPHCDDFQNKEWDLFVERSTAYSSCYPYYVPDYATLRSLVASSGNLKFTQEIFNWTGVAQDGSSYACRRGSVNSFFSRLNWLYNLNYKYPEQNVSMPNNDEFDKLYIWGVHHPGTDKDQTNLYAQASGRVMVSTKRSQQTVIPNVGSRPWVRGVSSIISIYWTIVKPGDILSINSTGNLIAPRGYFKIQSGKSSIMRSDAHIDECNSECITPNGSISNDKPFQNVNKITYGACPRYVKQNTLKLATGMRNVPEKQTR
A02218156|2017-07-10|cluster_IVA	5.718561676	NYNNYK	QKLPGSDNSMATLCLGHHAVPNGTLVKTITDDQIEVTNATELVQSSSTGRICNSPHQILDGKNCTLIDALLGDPHCDDFQNKEWDLFVERSTAYSSCYPYYVPDYATLRSLVASSGNLKFTQEIFNWTGVAQDGSSYACRRGSVNSFFSRLNWLYNLNYKYPEQNVSMPNNDEFDKLYIWGVHHPGTDKDQTNLYAQASGRVMVSTKRSQQTVIPNVGSRPWVRGVSSIISIYWTIVKPGDILSINSTGNLIAPRGYFKIQSGKSSIMRSDAHIDECNSECITPNGSISNDKPFQNVNKITYGACPRYVKQNTLKLATGMRNVPEKQTR
A02221499|2017-09-19|cluster_IVA	6.460066783	NHNNYK	QELPGSDNSMATLCLGHHAVPNGTLVKTITDDQIEVTNATELVQSSSTGRICNSPHQILDGKNCTLIDALLGDPHCDDFQNKEWDLFVERSTAYSNCYPYYVPDYATLRSLVASSGNLKFTQEIFNWTGVAQDGSSYSCKRGSVNSFFSRLNWLHNLNYKYPEQNVTMPNNDKFDKLYIWGVHHPGTDKDQTNLYVQASGRVIVSTRRSQQTVIPNIGSRPWVRGVSSIISIYWTIVKPGDILLINSTGNLIAPRGYFKIQSGKSSIMRSDANIDECNSECITPNGSISNDKPFQNVNKITYGACPRYIKQNTLKLATGMRNVPEKQNR
A02134225|2017-10-24|cluster_IVA	6.692111188	NYNNYK	QKLPGSDNSMATLCLGHHAVPNGTLVKTITDDQIEVTNATELVQSSSTSRICNSPHQILDGKNCTLIDALLGDPHCDDFQNKKWDLFVERSTAYSNCYPYYVPDYATLRSLIASSGNLEFTQESFNWTGVAQDGSSYSCRRGSVNSFFSRLNWLYNLNYKYPEQNVTMPNNDKFDKLYIWGVHHPGTDKDQTNLYVQAPGRVIVSTKRSQQTVIPNIGSRPWVRGVSSIISIHWTIVKPGDILLINSTGNLIAPRGYFKIQSGKSSIMRSDAHIDECNSECITPNGSIPNDKPFQNVNKITYGACPRYVKQNTLKLATGMRNVPEKQTR
A02134242|2017-10-24|cluster_IVA	5.714882691	NYNNYK	QKLPGSDNSMATLCLGHHAVPNGTLVKTITDDQIEVTNATELVQSSSTGRICNSPHQILDGKNCTLIDALLGDPHCDDFQNKEWDLFVERSTAYSSCYPYYVPDYATLRSLVASSGNLKFTQEIFNWTGVAQDGSSYACRRGSVNSFFSRLNWLYNLNYKYPEQNVSMPNNDKFDKLYIWGVHHPGTDKDQTNLYAQASGRVMVSTKRSQQTVIPNVGSRPWVRGVSSIISIYXTIVKPGDILSINSTGNLIAPRGYFKIQSGKSSIMRSDAHIDECNSECITPNGSISNDKPFQNVNKITYGACPRYVKQNTLKLATGMRNVPEKQTR
A02135886|2017-11-13|cluster_IVA	4.757856014	KYHDYK	QKLPGSDNSMATLCLGHHAVPNGTLVKTITDDQIEVTNATELVQSSSTGRICNSPHQILDGKNCTLIDALLGDPHCDDFQNKEWDLFVERSTAYSNCYPYYVPDYATLRSLVASSGNLKFTQESFNWTGVAQDGSSNACRRKSVKSFFSRLNWLYHLDYKYPEQNVXMPNNDKFDKLYIWGVHHPGTDKDQTNLYAQASGRVIVSTKRSQQTVTPNIGSRSWVRGVSSIISIYWTIVKPGDILLINSTGNLIAPRGYFKIQSGKSSIMRSDAHIDECNSECITPNGSIPNDKPFQNVNKITYGACPRYVKQKTLKLATGMRNVPEKQTR
A02136748|2017-11-21|cluster_IVA	5.6857036	NYNNYK	QKLPGSDNSMATLCLGHHAVPNGTLVKTITDDQIEVTNATELVQSSSTGRICNSPHQILDGKNCTLIDALLGDPHCDDFQNKKWDLFVERSTAYSNCYPYYVPDYATLRSLIASSGNLEFTQESFNWTGVTQDGSSYACRKGSVNSFFSRLNWLYNLNYKYPEQNVTMPNNDKFDKLYIWGVHHPGTDKDQTYLYVQAPGRVMVSTKRSQQTIIPNIGSRPWVRGVSSIISIHWTIVKPGDILLINSTGNLIAPRGYFKIQSGKSSIMRSDAHIDECNSECITPNGSIPNDKPFQNVNKITYGACPRYVKQNTLKLATGMRNVPEKQTR
A02138601|2017-12-13|cluster_IVA	5.354761313	NYNNYK	QKLSGSDNSMATLCLGHHAVPNGTLVKTITDDQIEVTNATELVQSSSTGRICNSPHQILDGKNCTLIDALLGDPHCDDFQNKEWDLFVERSTAYSNCYPYYVPDYATLRSLVASSGNLKFTQESFNWTGVAQDGSSYACRRGSVNSFFSRLNWLYNLNYKYPEQNVTMPNNDKFDKLYIWGVHHPGTDKDQTNLYVQASGKVIVSTKRSQQTVIPNVGSRPWVRGVSSIISIYWTIVKPGDILLINSTGNLIAPRGYFKIQSGKSSIMRSDAHIDECNSECITPNGSISNGKPFQNVNKITYGACPRYVKQNTLKLATGMRNVPEKQTR
A02142683|2018-02-14|cluster_IVA	5.607647173	NYNNYK	QKLSGSDDSMATLCLGHHAVPNGTLVKTITDDQIEVTNATELVQSSSTGRICNSPHQILDGKNCTXIDALLGDPHCDDFQNKEWDLFVERSTAYSICYPYYVPDYATLRSLVASSGNLKFTQESFNWTGVAQDGSSYACRRGSVNSFFSRLNWLYNLNYKYPEQNVTMPNNDKFDKLYIWGVHHPGTDKDQTNLYVQASGKVIVSTKRSQQTVIPNVGSRPWVRGVSSIISIYXTIVKXGDILLINSTGNLIAPRGYFKIQSGKSSIMRSDAHIDECNSECITPNGSISNGKPFQNVNKITYGACPRYVKQNTLKLATGMRNVPEKQTR
A02154072|2018-02-26|cluster_IVA	5.775041649	NYNNYK	QKLPGSDNSMATLCLGHHAVPNGTLVKTITDDQVEVTNATELVQSSSTGRICNSPHQILDGKNCTLIDALLGDPHCDDFQNKEWDLFVERSTAYSSCYPYYVPDYATLRSLVASSGNLKFTQEIFNWTGVAQDGSSYACRRGSVNSFFSRLNWLYNLNYKYPEQNVSMPNNDEFDKLYIWGVHHPGTDKDQTNLYAQASGRVMVSTKRSQQTVIPNVGSRPWVRGVSSIISIYWTIVKPGDILSINSTGNLIAPRGYFKIQSGKSSIMRSDAHIDECNSECITPNGSISNNKPFQNVNKITYGACPRYVKQNTLKLATGMRNVPEKQTR
A02154766|2018-03-05|cluster_IVA	4.847604299	KHKNYE	QRLPRSDNSMATLCLGHHAVPNGTLVKTITDDQIEVTNATELVQSSSTGRICNSPHQILDGKNCTXIDALLGDPHCDDFQNKEWDLFVERSTAYSSCYPYYVPDYATLRSLVASSGNLGFTQESFNWTGVAQDGSSFSCRRGSVKSFFSRLNWLHKLNYKYPEQNVTMPNNDKFDKLYIWGVHHPGTDEDQTNLYVHASGRVIVSTKRSQQTVIPNIGSRPWVRGVSSIISIYWTIVKPGDILLINSTGNLIAPRGYFKIQSGKSSIMRSDAHIDECNSECITPNGSISNDKPFQNVNKITYGACPRYVKQNTLKLATGMRNVPEKQTR
A02155428|2018-03-09|cluster_IVA	5.409072395	NYNNYK	QKLSGSDNSMATLCLGHHAVPNGTLVKTITDDQIEVTNATELVQSSSTGRICNSPHQILDGKNCTLIDALLGDPHCDDFQNKEWDLFVERSTAYSNCYPYYVPDYATLRSLVASSGNLKFTQESFNWTGVAQDGSSYACRRGSVNSFFSRLNWLYNLNYKYPEQNVTMPNNDKFDKLYIWGVHHPGTDKDQTNLYVQASGKVIVSTKRSQQTVIPNVGSRPWVRGVSSIISIYXTIVKPGDILLINSTGNLIAPRGYFKIQSGKSSIMRSDAHIDECNSECITPNGSISNGKPFQNVNKITYGACPRYVKQNTLKLATGMRNVPEKQTR
A02157976|2018-04-23|cluster_IVA	5.61334216	NYNNYK	QKISGSDNSMATLCLGHHAVPNGTLVKTITDDQIEVTNATELVQSSSTGRICNSPHQILDGKNCTLIDALLGDPHCDDFQNKEWDLFVERSTAYSNCYPYYVPDYATLRSLVASSGNLKFTQESFNWTGVAQDGSSYACRRGSVNSFFSRLNWLYNLNYKYPEQNVTMPNNDKFDKLYIWGVHHPGTDKDQTNLYVQASGKVIVSTKRSQQTVIPNVGSRPWVRGVSSIISIYXTIVKPGDILLINSTGNLIAPRGYFKIQSGKSSIMRSDAHIDECNSECITPNGSISNGKPFQNVNKITYGACPRYVKQNTLKLATGMRNVPEKQAR
A02157995|2018-04-24|cluster_IVA	5.354761313	NYNNYK	QKLSGSDNSMATLCLGHHAVPNGTLVKTITDDQIEVTNATELVQSSSTGRICNSPHQILDGKNCTLIDALLGDPHCDDFQNKEWDLFVERSTAYSNCYPYYVPDYATLRSLVASSGNLKFTQESFNWTGVAQDGSSYACRRGSVNSFFSRLNWLYNLNYKYPEQNVTMPNNDKFDKLYIWGVHHPGTDKDQTNLYVQASGKVIVSTKRSQQTVIPNVGSRPWVRGVSSIISIYWTIVKPGDILLINSTGNLIAPRGYFKIQSGKSSIMRSDAHIDECNSECITPNGSISNGKPFQNVNKITYGACPRYVKQNTLKLATGMRNVPEKQTR
A02158807|2018-05-23|cluster_IVA	5.48277449	NYNNYK	QKLSGSDNSMATLCLGHHAVPNGTLVKTITDDQIEVTNATELVQSSSTGRICNSPHQILDGKNCTLIDALLGDPHCDDFQNKEWDLFVERSTAYSNCYPYYVPDYATLRSLVASSGNLKFTQESFNWTGVAQDGSSYACRRGSVNSFFSRLNWLYNLNYKYPEQNVTMPNNDKFDKLYIWGVHHPGTDKDQTNLYVQASGKVIVSTKRSQQTVIPNVGSRPWVRGVSSIISIHWTIVKPGDILLINSTGNLIAPRGYFKIQSGKSSIMRSDARIDECNSECITPNGSISNGKPFQNVNKITYGACPRYVKQNTLKLATGMRNVPEKQTR
A02169069|2018-05-31|cluster_IVA	5.354761313	NYNNYK	QKLSGSDNSMATLCLGHHAVPNGTLVKTITDDQIEVTNATELVQSSSTGRICNSPHQILDGKNCTLIDALLGDPHCDDFQNKEWDLFVERSTAYSNCYPYYVPDYATLRSLVASSGNLKFTQESFNWTGVAQDGSSYACRRGSVNSFFSRLNWLYNLNYKYPEQNVTMPNNDKFDKLYIWGVHHPGTDKDQTNLYVQASGKVIVSTKRSQQTVIPNVGSRPWVRGVSSIISIYWTIVKPGDILLINSTGNLIAPRGYFKIQSGKSSIMRSDAHIDECNSECITPNGSISNGKPFQNVNKITYGACPRYVKQNTLKLATGMRNVPEKQTR
A02171019|2018-07-09|cluster_IVA	5.594031248	NYNNYK	QKLSGSDDSMATLCLGHHAVPNGTLVKTITDDQIEVTNATELVQSSSTGRICNSPHQILDGKNCTLIDALLGDPHCDDFQNKEWDLFVERSTAYSNCYPYYVPDYATLRSLVASSGNLKFTQESFNWTGVAQDGSSYACRRGSVNSFFSRLNWLYNLNYKYPEQNVTMPNNDKFDKLYIWGVHHPGTDKDQTNLYVQASGKVIVSTKRSQQTVIPNVGSRPWVRGVSSIISIYWTIVKPGDILLINSTGNLIAPRGYFKIQSGKSSIMRSDAHIDECNSECITPNGSISNGKPFQNVNKITYGACPXYVKQNTLKLATGMRNVPEKQTR
A02172377|2018-07-16|cluster_IVA	3.832218408	KHNNSK	QKLPENDNSMATLCLGHHAVSNGTLVKTITDDQIEVTNATELVQSSSTGRICNSPHQILDGKNCTLIDSLLGDPHCDDFQDKKWDLFVERSTAYSNCYPYYVPDYATLRSIVASSGNLEFTQESFNWTGVSQDGSSFACKRGSAKSFFSRLNWLHNLNSRYPEQNVTMPNNDKFDKLYIWGVHHPGTDKDQTYLYAQTPGRVIVSTKRSQQTVIPNIGSRPWVRGVSSIISIYWTIVKPGDMLLINSTGNLIAPRGYFKIQSGKSSIMRSDAHIDECNSECITPNGSISNDKPFQNVNKITYGACPRYVKQNTLKLATGMRNVPEKQTR
A02254607|2018-07-30|cluster_IVA	5.303737404	NYNNYK	QKLSGSDNSMATLCLGHHAVPNGTLVKTITDDQIEVTNATELVQSSSTGRICNSPHQILDGKNCTLIDALLGDPHCDDFQNKEWDLFVERSTAYSNCYPYYVPDYATLRSLVASSGNLKFTQESFNWTGVAQDGSSYACRRGSVNSFFSRLNWLYNLNYKYPEQNVTMPNNDKFDKLYIWGVHHPGTDKDQTNLYVQASGKVIVSTKRSQQTVIPNVGSRPWVRGVSSIISIYWTIVKPGDILLINSTGNLIAPRGYFKIQSGKSSIMRSDAHIDECNSECITPNGSISNGKPFQNVNKITYGACPRYIKQNTLKLATGMRNVPEKQTR
A02254616|2018-07-30|cluster_IVA	3.587423982	NYKNYM	QKLPGSDNSMATLCLGHHAVPNGTLVKTITDDQIEVTNATELVQSSSTGRICNSPHQILDGKNCTLIDALLGDPHCDDFQNKEWDLFVERSTAYSNCYPYYVPDYATLRSLVASSGNLEFTQESFNWTGVAQDGSSYACRRGSVNSFFSRLNWLYKLNYKYPEQNVTMPNNDKFDKLYVWGVHHPGTDMDQTSLYVQASGKVIVSTKRSQQTVIPNVGSRPWVRGVSSIISIYWTIVKPGDILLINSTGNLIAPRGYFKIQSGKSSIMRSDAHIDECNSECITPNGSISNDKPFQNVNKITYGACPRYVKQNTLKLATGMRNVPEKQTR
A02254794|2018-08-06|cluster_IVA	7.094532407	NYKNYK	QRLPGSDNSMATLCLGHHAVPNGTLVKTITDDQVEVTNATELVQSSSTGRICNSPHQILDGKNCTLIDALLGDPHCDDLQNKEWDLFIERSTAYSNCYPYYVPDYATLRSLVAASGSLEFTQESFNWNGVAQGGSSYACKRESVNSFFSRLNWLYKLNYKYPEQNVTMPNNDNFDKLYIWGVHHPGTDKDQTNLYVQASGRVLVSTKRSQQNIIPNIGSRPWIRGVSSIISVHWTIVKPGDILVINSTGNLIAPRGYFKIQSGKSSIMRSDTHIDECNSDCITPNGSIPNDKPFQNVNKITYGACPRYVKQNTLKLATGMRNVPEKQTR
A02254796|2018-08-06|cluster_IVA	5.409072395	NYNNYK	QKLSGSDNSMATLCLGHHAVPNGTLVKTITDDQIEVTNATELVQSSSTGRICNSPHQILDGKNCTLIDALLGDPHCDDFQNKEWDLFVERSTAYSNCYPYYVPDYATLRSLVASSGNLKFTQESFNWTGVAQDGSSYACRRGSVNSFFSRLNWLYNLNYKYPEQNVTMPNNDKFDKLYIWGVHHPGTDKDQTNLYVQASGKVIVSTKRSQQTVIPNVGSRPWVRGVSSIISIYXTIVKPGDILLINSTGNLIAPRGYFKIQSGKSSIMRSDAHIDECNSECITPNGSISNGKPFQNVNKITYGACPRYVKQNTLKLATGMRNVPEKQTR
A02254975|2018-08-10|cluster_IVA	4.91812433	NYNNYK	QKLPESDNSMATLCLGHHAVPNGTLVKTITDDQIEVTNATELVQSFSTGRICNSPHRILDGKNCTLIDALLGDPHCDDFQNKEWDLFVERNTAYSKCYPYYVPDYATLRSLVASSGNLEFTQESFNWTGVAQDGSSYSCKRGSVNSFFSRLNWLYNLNYNYPEQNVTMPNNDKFDKLYIWGVHHPGTDKDQTNLYAQAPGRVIVSTKRSQQTVTPTIGSRPWVRGVSSIISIYWTIVKPGDMLLINSTGNLIAPRGYFKIRNGKSSIMRSDAHLDECNSECITPNGSISNDKPFQNVNKITYGACPXYVKQNTLKLATGMRNVPEKQTR
A02257337|2018-09-14|cluster_IVA	5.783450144	KYHEHN	QELPGNDNSMATLCLGHHAVPNGTFVKTITDDQIEVTNATELVQNSSTGRICNSPHQILDGGNCTLIDALLGDPHCDNLRDKEWDLFVERSTAYSNCYPYYVPDYATLRSLVASSGNLKFTQESFNWTGVDQDGSSYACRRGSVKSFFSRLNWLYHLEHKYPEQNVTMPNNDKFDKLYIWGVHHPGTENDQTYLYVQASGRVIVSTKRSQQTVIPNIGSRPWVRGVSSIISIHWTIVKPGDILLINSTGNLIAPRGYFKIQSGKSSIMRSDAHIDECYSECITPNGSISNDKPFQNVNKITYGACPRYVKQNTLKLATGMRNVPEKQNR
A02257962|2018-10-05|cluster_IVA	5.783450144	KYHEHN	QELPGNDNSMATLCLGHHAVPNGTFVKTITDDQIEVTNATELVQNSSTGRICNSPHQILDGGNCTLIDALLGDPHCDNLRDKEWDLFVERSTAYSNCYPYYVPDYATLRSLVASSGNLKFTQESFNWTGVDQDGSSYACRRGSVKSFFSRLNWLYHLEHKYPEQNVTMPNNDKFDKLYIWGVHHPGTENDQTYLYVQASGRVIVSTKRSQQTVIPNIGSRPWVRGVSSIISIHWTIVKPGDILLINSTGNLIAPRGYFKIQSGKSSIMRSDAHIDECYSECITPNGSISNDKPFQNVNKITYGACPRYVKQNTLKLATGMRNVPEKQNR
A02266068|2018-10-09|cluster_IVA	5.274481368	NYNNYK	QKLSGSDNSMATLCLGHHAVPNGTLVKTITDDQIEVTNATELVQSSSTGRICNSPHQILDGKNCTLIDALLGDPHCDDFQNKEWDLFVERSTAYSNCYPYYVPDYATLRSLVASSGNLKFTQESFNWTGVAQDGSSYACRRGSVNSFFSRLNWLYNLNYKYPEQNVTMPNNDKFDKLYIWGVHHPGTDKDQTNLYVQASGKVIVSTKRSQQTVVPNVGSRPWVRGVSSIISIYWTIVKPGDILLINSTGNLIAPRGYFKIQSGKSSIMRSDAHIDECNSECITPNGSIPNGKPFQNVNKITYGACPRYVKQNTLKLATGMRNVPEKQTR
A02270002|2018-11-19|cluster_IVA	5.900823882	KHKNYE	QRLPRSDNNMATLCLGHHAVPNGTLVKTITDDQIEVTNATELVQSSSTGRICNSPHQILDGKNCTLIDALLGDPHCDDFQNKEWDLFVERSTAXSSCYPYYVPDYATLRSLVASSGNLGFTQESFNWTGVAQDGSSFSCRRGSVKSFFSRLNWLHKLNYKYPEQNVTMPNNDKFDKLYIWGVHHPGTNEDQTNLYVHASGRVIVSTKRSQQTVIPNIGSRPWVRGVSSIISIYWTIVKPGDILLINSTGNLIAPRGYFKIQSGKSSIMRSDAHIDECNSECITPNGSISNDKPFQNVNKITYGACPRYVKQNTLKLATGMRNVPEKQTR
A02427656|2018-12-17|cluster_IVA	5.502890899	NYNNYK	KKFPGNDNNMATLCLGHHAVPNGTLVKTITDEQIEVTNATELVQSSSTXRICNSPYKILDGENCTLIDALLGDPNCDDFQNKEWDLFVERSTAYSSCYPYYVPEYATLRSLVASSGNLEFTQESFNWTGVAQDGSSYACRRGSVNSFFSRLNWLYNLNYKYPEQNVTMPNNDKFDKLYIWGVHHPGTDKDQNNLYVQAPGRVTVSTKRSQQTVIPNIGYRPWARGVSSIISIYWTIVKPGDILLINSTGNLIAPRGYFKIQSGKSSIMRSDAHIDECNSECITPNGSIPNDKPFQNVNKITYGACPRYVRQNTLKLATGMRNVPEKQTR
A02429953|2019-01-28|cluster_IVA	5.701398936	NYHNYK	QKLPGSDNSMATLCLGHHAVPNGTLVKTITDDQIEVTNATELVQSSSTGRICNSPHQILDGKNCTLIDALLGDPHCDDFQNKEWDLFVERSTAYSSCYPYYVPDYATLRSLVASSGNLKFTQEIFNWTGVTQDGSSYSCRRGSVNSFFSRLNWLYHLNYKYPEQNVTMPNNDKFDKLYIWGVHHPGTDKDQTNLYVQASGRVIVSTRRSQQTVIPNIGSRPWVRGVSSIISIYWTIVKPGDILLINSTGNLIAPRGYFKIQSGKSSIMRSDAHIDECNSECITPNGSISNDKPFQNVNKITYGACPRYVKQNTLKLATGMRNIPEKQTR
A02430272|2019-02-11|cluster_IVA	4.228030023	NYKDYN	QKLPGSDNNMATLCLGHHAVPNGTLVKTITDDQIEVTNATELVQSSSTGRICNSPHQILDGKNCTLIDALLGDPHCDDFQNKEWDLFVERSTAYSNCYPYYVPDYATLRSLVASSGNLEFTQESFNWTGVAQDGSSRACRRGSVNSFFSRLNWLYKLDYKYPEQNVTMPNNNKFDKLYIWGVHHPGTNNDQTNLYVQASGKVIVSTKRSQQTVIPNVGSRPWVRGVSSIISIYWTIVKPGDILVINSTGNLIAPRGYFKIQSGKSSIMRSDAHIDECNSECITPNGSISNGKPFQNVNKITYGACPRYVKQNTLKLATGMRNVPEKQTR
A02430278|2019-02-12|cluster_IVA	5.701398936	NYHNYK	QKLPGSDNSMATLCLGHHAVPNGTLVKTITDDQIEVTNATELVQSSSTGRICNSPHQILDGKNCTLIDALLGDPHCDDFQNKEWDLFVERSTAYSSCYPYYVPDYATLRSLVASSGNLKFTQEIFNWTGVTQDGSSYSCRRGSVNSFFSRLNWLYHLNYKYPEQNVTMPNNDKFDKLYIWGVHHPGTDKDQTNLYVQASGRVIVSTRRSQQTVIPNIGSRPWVRGVSSIISIYWTIVKPGDILLINSTGNLIAPRGYFKIQSGKSSIMRSDAHIDECNSECITPNGSISNDKPFQNVNKITYGACPRYVKQNTLKLATGMRNIPEKQTR
A02430692|2019-02-25|cluster_IVA	5.844648568	KYHEHN	QELPGNDNSMATLCLGHHAVPNGTFVKTITDDQIEVTNATELVQNSSTGRICNSPHQILDGGNCTLIDALLGDPHCDNLRDKEWDLFVERSTAYSNCYPYYVPDYATLRSLVASSGNLKFTQESFNWTGVDQDGSSYACRRGSVKSFFSRLNWLYHLEHKYPEQNVTMPNNDKFDKLYIWGVHHPGTENDQTYLYVQASGRVIVSTKRSQQTVIPNIGSRPWVRGVSSIISIHWTIVKPGDILLINSTGNLIAPRGYFKIQSGKSSIMRSDAHIDKCYSECITPNGSISNDKPFQNVNKITYGACPRYVKQNTLKLATGMRNVPEKQNR
A02431613|2019-03-25|cluster_IVA	5.860397092	NYHNYK	QKLPGSDNSMATLCLGHHAVPNGTLVKTITDDQIEVTNATELVQSSSTGRICNSPHQILDGKNCTLIDALLGDPHCDDFQNKEWDLFVERSTAYSSCYPYYVPDYATLRSLVASSGNLKFTQEIFNWTGVTQDGSSYSCRRGSVNSFFSRLNWLYHLNYKYPEQNVTMPNNDKFDKLYIWGVHHPGTDKDQTNLYVQASGRVIVSTRRSQQTVIPNIGSRPWVRGVSSIISIYWTIVKPGDILLIKSTGNLIAPRGYFKIQSGKSSIMRSDAHIDECNSECITPNGSISNDKPFQNVNKITYGACPRYVKQNTLKLATGMRNIPEKQTR
A02431880|2019-04-01|cluster_IVA	5.358114494	NYNNYK	QKLSGSDNSMATLCLGHHAVPNGTLVKTITDDQIEVTNATELVQSSSTGRICNSPHQILDGKNCTLIDALLGDPHCDDFQNKEWDLFVERSTAYSDCYPYYVPDYATLRSLVASSGNLKFTQESFNWTGVAQDGSSYACRRGSVNSFFSRLNWLYNLNYKYPEQNVTMPNNDKFDKLYIWGVHHPGTDKDQTNLYVQASGKVIVSTKRSQQTVIPNVGSRPWARGVSSIISIYWTIVKPGDILLINSTGNLIAPRGYFKIQSGKSSIMRSDAHIDECNSECITPNGSISNGKPFQNVNKITYGACPRYVKQNTLKLATGMRNVPEKQTR
A02431948|2019-04-05|cluster_IVA	5.503061987	NYHNYK	QKLPGSDNSMATLCLGHHAVPNGTLVKTITDDQIEVTNATELVQSSSTGRICNSPHQILDGKNCTLIDALLGDPHCDDFQNKEWDLFVERSTAYSSCYPYYVPDYTTLRSLVASSGNLKFTQEIFNWTGVAQDGSSYSCRRGSVNSFFSRLNWLYHLNYKYPEQNVTMPNNDKFDKLYIWGVHHPGTDKDQTNLYVQASGRVIVSTRRSQQTVIPNIGSRPWVRGVSSIISIYWTIVKPGDILLINSTGNLIAPRGYFKIQSGKSSIMRSDANIDECNSECITPNGSISNDKPFQNVNKITYGACPRYVKQNTLKLATGMRNVPEKQTR
A02431991|2019-04-08|cluster_IVA	4.228030023	NYKDYN	QKLPGSDNNMATLCLGHHAVPNGTLVKTITDDQIEVTNATELVQSSSTGRICNSPHQILDGKNCTLIDALLGDPHCDDFQNKEWDLFVERSTAYSNCYPYYVPDYATLRSLVASSGNLEFTQESFNWTGVAQDGSSRACRRGSVNSFFSRLNWLYKLDYKYPEQNVTMPNNNKFDKLYIWGVHHPGTNNDQTNLYVQASGKVIVSTKRSQQTVIPNVGSRPWVRGVSSIISIYWTIVKPGDILVINSTGNLIAPRGYFKIQSGKSSIMRSDAHIDECNSECITPNGSISNGKPFQNVNKITYGACPRYVKQNTLKLATGMRNVPEKQTR
A02432059|2019-04-10|cluster_IVA	5.333951674	NYNNYK	QKLSGSDNSMATLCLGHHAVPNGTLVKTITDDQIEVTNATELVQSSSTGRICNSPHQILDGKNCTLIDALLGDPHCDDFQNKEWDLFVERSTAYSDCYPYYVPDYATLRSLVASSGNLKFTQESFNWTGVAQDGSSYACRRGSVNSFFSRLNWLYNLNYKYPEQNVTMPNNDKFDKLYIWGVHHPGTDKDQTNLYVQASGKVIVSTKRSQQTVIPNVGSRPWVRGVSSIISIYWTIVKPGDILLINSTGNLIAPRGYFKIQSGKSSIMRSDAHIDECNSECITPNGSISNGKPFQNVNKITYGACPRYVKQNTLKLATGMRNVPEKQTR
A02432156|2019-04-15|cluster_IVA	5.698741981	KYHEHN	QELPGNDNSMATLCLGHHAVPNGTFVKTITDDQIEVTNATELVQNSSTGRICNSPHQILDGGNCTLIDALLGDPHCDNLRDKEWDLFVERSTAYSNCYPYYVPDYATLRSLVASSGNLKFTQESFNWTGVDQDGSSYACRRGSVKSFFSRLNWLYHLEHKYPEQNVTMPNNDKFDKLYIWGVHHPGTENDQTYLYVQASGRVIVSTKRSQQTVIPNIGSRPWVRGVSSIISIHWTIVKPGDILLINSTGNLIAPRGYFKIQSGKSSIMRSDAHIEECYSECITPNGSISNDKPFQNVNKITYGACPRYVKQNTLKLATGMRNVPEKQNR
A02478449|2019-04-29|cluster_IVA	5.701398936	NYHNYK	QKLPGSDNSMATLCLGHHAVPNGTLVKTITDDQIEVTNATELVQSSSTGRICNSPHQILDGKNCTLIDALLGDPHCDDFQNKEWDLFVERSTAYSSCYPYYVPDYATLRSLVASSGNLKFTQEIFNWTGVTQDGSSYSCRRGSVNSFFSRLNWLYHLNYKYPEQNVTMPNNDKFDKLYIWGVHHPGTDKDQTNLYVQASGRVIVSTRRSQQTVIPNIGSRPWVRGVSSIISIYWTIVKPGDILLINSTGNLIAPRGYFKIQSGKSSIMRSDAHIDECNSECITPNGSISNDKPFQNVNKITYGACPRYVKQNTLKLATGMRNIPEKQTR
A02478455|2019-05-06|cluster_IVA	5.701398936	NYHNYK	QKLPGSDNSMATLCLGHHAVPNGTLVKTITDDQIEVTNATELVQSSSTGRICNSPHQILDGKNCTLIDALLGDPHCDDFQNKEWDLFVERSTAYSSCYPYYVPDYATLRSLVASSGNLKFTQEIFNWTGVTQDGSSYSCRRGSVNSFFSRLNWLYHLNYKYPEQNVTMPNNDKFDKLYIWGVHHPGTDKDQTNLYVQASGRVIVSTRRSQQTVIPNIGSRPWVRGVSSIISIYWTIVKPGDILLINSTGNLIAPRGYFKIQSGKSSIMRSDAHIDECNSECITPNGSISNDKPFQNVNKITYGACPRYVKQNTLKLATGMRNIPEKQTR
A02478493|2019-05-20|cluster_IVA	5.962906988	NYHNYK	QKLPGSDNSMATLCLGHHAVPNGTLVKTITDDQIEVTNATELVQSSSTGRICNSPHQILDGKNCTLIDALLGDPHCDDFQNKEWDLFVERSTAYSSCYPYYVPDYATLRSLVASSGNLKFNQEIFNWTGVTQDGSSYSCRRGSVNSFFSRLNWLYHLNYKYPEQNVTMPNNDKFDKLYIWGVHHPGTDKDQTNLYVQASGRVIVSTRRSQQTVIPNIGSRPWVRGVSSIISIYWTIVKPGDILLINSTGNLIAPRGYFKIQSGKSSIMRSDAHIDECNSECITPNGSISNDKPFQNVNKITYGACPRYVKQNTLKLATGMRNIPEKQTR
A02478494|2019-05-20|cluster_IVA	5.701398936	NYHNYK	QKLPGSDNSMATLCLGHHAVPNGTLVKTITDDQIEVTNATELVQSSSTGRICNSPHQILDGKNCTLIDALLGDPHCDDFQNKEWDLFVERSTAYSSCYPYYVPDYATLRSLVASSGNLKFTQEIFNWTGVTQDGSSYSCRRGSVNSFFSRLNWLYHLNYKYPEQNVTMPNNDKFDKLYIWGVHHPGTDKDQTNLYVQASGRVIVSTRRSQQTVIPNIGSRPWVRGVSSIISIYWTIVKPGDILLINSTGNLIAPRGYFKIQSGKSSIMRSDAHIDECNSECITPNGSISNDKPFQNVNKITYGACPRYVKQNTLKLATGMRNIPEKQTR
A02478510|2019-05-30|cluster_IVA	5.962906988	NYHNYK	QKLPGSDNSMATLCLGHHAVPNGTLVKTITDDQIEVTNATELVQSSSTGRICNSPHQILDGKNCTLIDALLGDPHCDDFQNKEWDLFVERSTAYSSCYPYYVPDYATLRSLVASSGNLKFNQEIFNWTGVTQDGSSYSCRRGSVNSFFSRLNWLYHLNYKYPEQNVTMPNNDKFDKLYIWGVHHPGTDKDQTNLYVQASGRVIVSTRRSQQTVIPNIGSRPWVRGVSSIISIYWTIVKPGDILLINSTGNLIAPRGYFKIQSGKSSIMRSDAHIDECNSECITPNGSISNDKPFQNVNKITYGACPRYVKQNTLKLATGMRNIPEKQTR
A02478516|2019-05-30|cluster_IVA	5.680272106	NYHNYK	QKLPGSDNSMATLCLGHHAVPNGTLVKTITDDQIEVTNATELVQSSSTGRICNSPHQILDGKNCTLIDALLGDPHCDDFQNKEWDLFVERSTAYSSCYPYYVPDYATLRSLVASSGNLKFTQEIFNWTGVAQDGSSYSCRKGSVNSFFSRLNWLYHLNYKYPEQNVTMPNNDKFDKLYIWGVHHPGTDKDQTNLYVQASGRVIVSTRRSQQTVIPNIGSRPWVRGVSSIISIYWTIVKPGDILLINSTGNLIAPRGYFKIQSGKSSIMRSDAHIDECNSECITPNGSISNDKPFQNVNKITYGACPRYVKQNTLKLATGMRNIPEKQTR
A02478536|2019-06-10|cluster_IVA	6.085383408	NYHNYK	QKLPGSDNSMATLCLGHHAVPNGTLVKTITDDQIEVTNATELVQSSSTGRICNSPHQILDGKNCTLIDALLGDPHCDDFQNKEWDLFVERSTAYSSCYPYYVPDYATLRSLVASSGNLKFTQEIFNWTGVTQDGSSYSCRRGSVNSFFSRLNWLYHLNYKYPEQNVIMPNNDKFDKLYIWGVHHPGTDKDQTNLYVQASGRVVVSTRRSQQTVIPNIGSRPWVRGVSSIISIYWTIVKPGDILLINSTGNLIAPRGYFKIQSGKSSIMRSDAHIDECNSECITPNGSISNDKPFQNVNKITYGACPRYVKQNTLKLATGMRNIPEKQTR
A02478542|2019-06-17|cluster_IVA	5.701398936	NYHNYK	QKLPGSDNSMATLCLGHHAVPNGTLVKTITDDQIEVTNATELVQSSSTGRICNSPHQILDGKNCTLIDALLGDPHCDDFQNKEWDLFVERSTAYSSCYPYYVPDYATLRSLVASSGNLKFTQEIFNWTGVTQDGSSYSCRRGSVNSFFSRLNWLYHLNYKYPEQNVTMPNNDKFDKLYIWGVHHPGTDKDQTNLYVQASGRVIVSTRRSQQTVIPNIGSRPWVRGVSSIISIYWTIVKPGDILLINSTGNLIAPRGYFKIQSGKSSIMRSDAHIDECNSECITPNGSISNDKPFQNVNKITYGACPRYVKQNTLKLATGMRNIPEKQTR
A02478553|2019-06-24|cluster_IVA	5.836755681	NYHNYK	QKLPGSDNSMATLCLGHHAVPNGTLVKTITDDQIEVTNATELVQSSSTGRICNSPHQILDGKNCTLIDALLGDPHCDDFQNKEWDLFVERSTAYSSCYPYYVPDYTTLRSLVASSGNLKFTQEIFNWTGVAQDGSSYSCRKGSVNSFFSRLNWLYHLNYKYPEQNVTMPNNDKFDKLYIWGVHHPGTDKDQTNLYVQASGRVIVSTRRSQQTVIPNIGSRPWVRGVSSIISIYWTIVKPGDILLINSTGNLIAPRGYFKIQSGKSSIMRSDAHIDECNSECITPNGSISNDKPFQNVNKITYGACPRYVKQNTLKLATGMRNIPEKQTR
A02478554|2019-06-24|cluster_IVA	5.962906988	NYHNYK	QKLPGSDNSMATLCLGHHAVPNGTLVKTITDDQIEVTNATELVQSSSTGRICNSPHQILDGKNCTLIDALLGDPHCDDFQNKEWDLFVERSTAYSSCYPYYVPDYATLRSLVASSGNLKFNQEIFNWTGVTQDGSSYSCRRGSVNSFFSRLNWLYHLNYKYPEQNVTMPNNDKFDKLYIWGVHHPGTDKDQTNLYVQASGRVIVSTRRSQQTVIPNIGSRPWVRGVSSIISIYWTIVKPGDILLINSTGNLIAPRGYFKIQSGKSSIMRSDAHIDECNSECITPNGSISNDKPFQNVNKITYGACPRYVKQNTLKLATGMRNIPEKQTR
A02478564|2019-07-01|cluster_IVA	5.962906988	NYHNYK	QKLPGSDNSMATLCLGHHAVPNGTLVKTITDDQIEVTNATELVQSSSTGRICNSPHQILDGKNCTLIDALLGDPHCDDFQNKEWDLFVERSTAYSSCYPYYVPDYATLRSLVASSGNLKFNQEIFNWTGVTQDGSSYSCRRGSVNSFFSRLNWLYHLNYKYPEQNVTMPNNDKFDKLYIWGVHHPGTDKDQTNLYVQASGRVIVSTRRSQQTVIPNIGSRPWVRGVSSIISIYWTIVKPGDILLINSTGNLIAPRGYFKIQSGKSSIMRSDAHIDECNSECITPNGSISNDKPFQNVNKITYGACPRYVKQNTLKLATGMRNIPEKQTR
A02478578|2019-07-10|cluster_IVA	5.836755681	NYHNYK	QKLPGSDNSMATLCLGHHAVPNGTLVKTITDDQIEVTNATELVQSSSTGRICNSPHQILDGKNCTLIDALLGDPHCDDFQNKEWDLFVERSTAYSSCYPYYVPDYATLRSLVASSGNLKFTQEIFNWTGIAQDGSSYSCRKGSVNSFFSRLNWLYHLNYKYPEQNVTMPNNDKFDKLYIWGVHHPGTDKDQTNLYVQASGRVIVSTRRSQQTVIPNIGSRPWVRGVSSIISIYWTIVKPGDILLINSTGNLIAPRGYFKIQSGKSSIMRSDAHIDECNSECITPNGSISNDKPFQNVNKITYGACPRYVKQNTLKLATGMRNIPEKQTR
A02478600|2019-07-29|cluster_IVA	5.962906988	NYHNYK	QKLPGSDNSMATLCLGHHAVPNGTLVKTITDDQIEVTNATELVQSSSTGRICNSPHQILDGKNCTLIDALLGDPHCDDFQNKEWDLFVERSTAYSSCYPYYVPDYATLRSLVASSGNLKFNQEIFNWTGVTQDGSSYSCRRGSVNSFFSRLNWLYHLNYKYPEQNVTMPNNDKFDKLYIWGVHHPGTDKDQTNLYVQASGRVIVSTRRSQQTVIPNIGSRPWVRGVSSIISIYWTIVKPGDILLINSTGNLIAPRGYFKIQSGKSSIMRSDAHIDECNSECITPNGSISNDKPFQNVNKITYGACPRYVKQNTLKLATGMRNIPEKQTR
A02478604|2019-08-05|cluster_IVA	5.860397092	NYHNYK	QKLPGSDNSMATLCLGHHAVPNGTLVKTITDDQIEVTNATELVQSSSTGRICNSPHQILDGKNCXLIDALLGDPHCDDFQNKEWDLFVERSTAYSSCYPYYVPDYATLRSLVASSGNLKFTQEIFNWTGVTQDGSSYSCRRGSVNSFFSRLNWLYHLNYKYPEQNVTMPNNDKFDKLYIWGVHHPGTDKDQTNLYVQASGRVIVSTRRSQQTVIPNIGSRPWVRGVSSIISIYWTIVKPGDILLINSTGNLIAPRGYFKIQSGKSSIMRSDAHIDECNSECITPNGSISNDKPFQNVNKITYGACPRYVKQNTLKLATGMRNIPEKQTR
A02478605|2019-08-06|cluster_IVA	5.667657294	NYHNYK	QKLPGSDNSMATLCLGHHAVPNGTLVKTITDDQIEVTNATELVQISSTGRICNSPHQILDGKNCTLIDALLGDPHCDDFQNKEWDLFVERSTAYSSCYPYYVPDYATLRSLVASSGNLKFTQEIFNWTGVAQDGSSYSCRRGSVNSFFSRLNWLYHLNYKYPEQNVTMPNNDKFDKLYIWGVHHPGTDKDQTNLYVQASGRVIVSTRRSQQTVIPNIGSRPWVRGVSSIISIYWTIVKPGDILLINSTGNLIAPRGYFKIQSGKSSIMRSDAHIDECNSECITPNGSISNDKPFQNVNKITYGACPRYVKQNTLKLATGMRNIPEKQTR
A02478607|2019-08-12|cluster_IVA	4.450696825	NHKNYK	QRLPGSDNSMATLCLGHHAVPNGTLVKTITDDQIEVTNATELVQSSSTGRICNSPHQILDGKNCTLIDALLGDPHCDDFQNKEWDLFVERSTAYSSCYPYYVPDYATLRSIVASSGNLEFTQESFNWTGVAQDGSSFSCRRGSDNSFFSRLNWLHKLNYKYPEQNVTMPNNDKFDKLYIWGVHHPGTDKDQTNLYVHESGRVIVSTKRSQQTVIPNIGSRPWVRGVSSIISIYWTIVKPGDTLVINSTGNLIAPRGYFKIQSGKSSIMRSDAHIDECNSECITPNGSISNDKPFQNVNKITYGACPRYVKQNTLKLATGMRNVPEKQTR
A/swine/Indiana/A01202866/2011	0	NYHGHE	QKLPGSDNSMATLCLGHHAVPNGTLVKTITDDQIEVTNATELVQSSSTGGICNSPHQILDGKNCTLIDALLGDPHCDDFQNKEWDLFVERSTAYSNCYPYYVPDYASLRSLVASSGTLEFTQESFNWTGVAQDGSSRSCRRGSGNSFFSRLNWLYHLGHKYPALNVTMPNNDNFDKLYIWGVHHPGTDEDQTSLYVQASGRVIVSTKRSQQTVIPNIGSRPWVRGVSSIISIYWTIVKPGDILLINSTGNLIAPRGYFKIQSGKSSIMRSDASIDNCNSECITPNGSIPNDKPFQNVNRITYGACPRYVKQNTLKLATGMRNVPEKQTR
