taxa	ens_dist	motif	sequence
A01728784|2016-01-04|cluster_IVA	2.928072848	KYNNSK	QKLPVSDNSMATLCLGHHAVPNGTLVKTITDDQIEVTNATELVQNSSTGRICNSPHQILDGKNCTLIDALLGDPHCDDFQNKEWDLFVERSTAYSNCYPYYVPDYATLRSLVASSGNLEFTQESFNWTGVAQDGSSFACRRGSVKSFFSRLNWLYNLNSRYPEQNVTMPNNDKFDKLYIWGVHHPGTDKDQIYLYAQAPGRVIVSTKRSQQTVIPNIGSRPWVRGVSSIISIYWTIVKPGDMLLINSTGNLIAPRGYFKIKSGKSSIMRSDAHIDECNSECITPNGSISNDKPFQNVNKITYGACPRYVKQNTLKLATGMRNVPEKQTR
A01729044|2016-01-07|cluster_IVA	2.572652249	KYNNYK	QKLPGSDNSMATLCLGHHAVPNGTLVKTITDDQIEVTNATELVQSSSTGRICNSPHQILDGKNCTLIDALLGDPHCDDFQNKKWDLFVERSTAYSNCYPYYVPDYATLRSLIASSGNLEFTQESFNWTGVAQDGSSYACRRGSVKSFFSRLNWLYNLNYKYPEQNVIMPNNDKFDKLYIWGVHHPGTDKDQTNLYVQASGRVIVSTKRSQQTVIPNIGSXPWVRGVSSIISIYWTIVKPGDILLINSTGNLIAPRGYFKIQSGKSSIMRSDAHIDECNSECITPNGSIPNDKPFQNVNKITYGACPRFVKQKTLKLATGMRNVPEKQTR
A01729047|2016-01-07|cluster_IVA	1.109058916	NYNNYK	QKLPESDNSMATLCLGHHAVPNGTLVKTITDDQIEVTNATELVQSSSTDRICNSPHQILDGKNCTLIDALLGDPHCDDFQNKKWDLFVE*STAYSNCYPYYVPDYATLRSLIASSGNLEFTQESFNWTGVAQDGSSYACRRGSVNSFFSRLNWLYNLNYKYPEQNVTMPNNDKFDKLYIWGVHHPSTDKDQTNLYVQASGRVIVSTKRSQQTVSPNIGSRPWVRGVSSIISIYWTIVKPGDILLINSTGNLIAPRGYFKILSGKSSIMRSDAHIDECNSECITPNGSIPNDKPFQNVNKITYGACPRYVKQNTLKLATGMRNVPEKQTR
A01729543|2016-01-14|cluster_IVA	2.117128408	KYNNYK	QKLPGSDNSMATLCLGHHAVPNGTLVKTLTDDQIEVTNATELVQSSSTGRICNSPHQILDGKNCTLIDALLGDPHCDDFQNKEWDLFVERSTAYSNCYPYYVPDYATLRSIVASSGSLEFTQESFNWTGVSQDGSSHACRRGSVKSFFSRLNWLYNLNYKYPEQNVTMPNNDKFDKLYIWGVHHPGTDKDQTNLYVQASGRVIVSTKRGQQTVIPSIGSRPWVKGVSSIISIYWTIVKPGDILVINSTGNLIAPRGYFKIQSGKSSIMRSDAHIDECNSECITPNGSISNDKPFQNVNKITYGACPRYVKQNTLKLATGMRNVPEKQTR
A01729547|2016-01-14|cluster_IVA	2.032794496	NYKNYS	QKLPGGDNSMATLCLGHHAVPNGTLVKTITDDQIEVTNATELVQSSSTGRICNSPHQILDGKNCTLIDALLGDPHCDEFQNKKWDLFVERSTAYSNCYPYYVPDYATLRSLVASSGNLEFTQESFNWTGIAQDGSSYACKRGSGNSFFSRLNWLYKLNYKYPEQNVTMPNNDKFDKLYIWGVHHPGTDSDQTSLYVQASGKVIVSTKRSQQTVIPNIGSRPWVRGVSSIISIYWTIVKPGDILLINSTGNLIAPRGYFKIQNGKSSIMRSDAHIDECNSECITPNGSISNDKPFQNVNKITYGACPRYIKQNTLKLATGMRNVPEKQTR
A01729658|2016-01-15|cluster_IVA	1.529396621	NYNNYK	QNPPGSDNNMATLCLGHHSVPNGTLVKTITDDQIEVTNATELVQSSSTGRICNSPHQILDGKNCTLIDALLGDPHCDDFQNKEWDLFVERSTAYSNCYPYYVPDYATLRSLVASSGNLAFTQENFNWTGVAQDGSSYACRRGSVNSFFSRLNWLYNLNYKYPEQNVTMPNNDKFDKLYIWGVHHPGTDKDQTNLYVQASGRVIVSTKRSQQAVIPNIGSRPWIRGVSSIISIYWTIVKPGDILLINSTGNLIAPRGYFKIQSGKSSIMRSDAHIDECNSECITPNGSIPNDKPFQNVNKITYGACPRYVKQNTLKLATGMRNVPEKQTR
A01730226|2016-01-26|cluster_IVA	2.201350189	KYNNYK	QKLPGSDNSMATLCLGHHAVPNGTLVKTITDDQIEVTNATELVQSSSTGRICNSPHQILDGKNCTLIDALLGDPHCDDFQNKKWDLFVERSTAYSNCYPYYVPDYATLRSLIASSGNLEFTQESFNWTGVAQDGSSYACRRGSVKSFFSRLNWLYNLNYKYPEQNVTMPNNDKFDKLYIWGVHHPGMDKDQTNLYVQASGRVIVSTKRSQQTVIPSIGSRPWVRGVSSIISIYWTIVKPGDILLINSTGNLIAPRGYFKIQSGKSSIMRSDAHIDECNSECITPNGSIPNDKPFQNVNKITYGACPRYVKQNTLKLATGMRNVPEKQTR
A01730466|2016-01-28|cluster_IVA	2.298888209	KYNNYK	QKLPGSDNSMATLCLGHHAVPNGTLVKTITDDQIEVTNATELVQSSSTGRICNSPHQIIDGKNCTLIDALLGDPHCDDFQNKKWDLFVERSTAYSNCYPYYVPDYATLRSLIASSGNLEFTQESFNWTGVAQDGSSYACRRGSVKSFFSRLNWLYNLNYKYPEQNVTMPNNDKFDKLYIWGVHHPGTDKDQTNLYVQASGRVIVSTKRSQQTVIPNIGSRPWVRGVSSIISIYWTIVKPGDILLINSTGNLIAPRGYFKILSGKSSIMRSDAHIDECNSECITPNGSIPNDKPFQNVNKITYGACPRYVKQNTLKLATGMRNVPEKQTR
A01730588|2016-01-29|cluster_IVA	0.650695568	NYNNYK	QKLPGSDNSMATLCLGHHAVPNGTLVKTITDDQIEVTNATELVQSSSTGRICNSPHQILDGKNCTLIDALLGDPHCDDFQNKEWDLFVERSTAYSNCYPYYVPDYATLRSLVASSGNLKFTQESFNWTGVAQDGSSYACRRESANSFFSRLNWLYNLNYKYPEQNVTMPNNDRFDKLYIWGVHHPGTDKDQTNLYVQASGRVIVSTKRSQQTVTPNIGSRPWVRGVSSIISIYWTIVKPGDILLINSTGNLIAPRGYFKIQSGKSSIMRSDAHIDECNSECITPNGSIPNDKPFQNVNKITYGACPRYVKQKTLKLATGMRNVPEKQTR
A01731777|2016-02-17|cluster_IVA	1.843951015	NYKNYS	QKLPGGDNSMATLCLGHHAVPNGTLVKTITDDQIEVTNATELVQSSSTGRICNSPHQILDGKNCTLIDALLGDPHCDDFQNKKWDLFVERSTAYSNCYPYYVPDYATLRSLVASSGNLEFTQESFNWTGIAQDGSSYACKRGSGNSFFSRLNWLYKLNYKYPEQNVTMPNNDKFDKLYIWGVHHPGTDSDQTSLYVQASGKVIVSTKRSQQTVIPNIGSRPWVRGVSSIISIYWTIVKPGDILLINSTGNLIAPRGYFKIQNGKSSIMRSDAHIDECNSECITPNGSISNDKPFQNVNKITYGACPRYIKQNTLKLATGMRNVPEKQTR
A01732197|2016-02-19|cluster_IVA	0.342174159	NYNNYK	QKLPGSDNSMATLCLGHHAVPNGTLVKTITDDQIEVTNATELVQSSSTGRICNSPHQILDGKNCTLIDALLGDPHCDDFQNKKWDLFVERSTAYSNCYPYYVPDYATLRSLIASSGNLEFTQESFNWTGVAQDGSSYACRRSSVNSFFSRLNWLYNLNYKYPEQNVTVPNNDKFDKLYIWGVHHPGTDKDQTNLYVQASGRVIVSTKRSQQTVIPNIGSRPWVRGVSSIISIYWTIVKPGDILLINSTGNLIAPRGYFKIQSGKSSIMRSDAHIDECNSECITPNGSIPNDKPFQNVNKITYGACPRYVKQNTLKLATGMRNVPEKQTR
A01732322|2016-02-24|cluster_IVA	0.142479915	NYNNYK	QKLPGSDNSMATLCLGHHAVPNGTLVKTITDDQIEVTNATELVQSSSTGRICNSPHQILDGKNCTLIDALLGDPHCDDFQNKKWDLFVERSTAYSNCYPYYVPDYATLRSLIASSGNLEFTQESFNWTGVAQDGSSYACRRGSVNSFFSRLNWLYNLNYKYPEQNVTMPNNDKFDKLYIWGVHHPGTDKDQTNLYVQASGRVIVSTKRSQQTVIPNIGSRPWVRGVSSIISIYWTIVKPGDILLINSTGNLIAPRGYFKIQSGKSSIMRSDAHIDECNSECVTPNGSIPNDKPFQNVNKITYGACPRYIKQNTLKLATGMRNVPEKQTR
A01732588|2016-02-29|cluster_IVA	2.806820654	KYHNNN	QKLPESDNSMAMLCLGHHAVPNGTLVKTITDDQIEVTNATELVQSSSTGRICNSPHQILDGKNCTLIDALLGDPHCDDFQNKEWDLFVERSTAYSNCYPYYVPDYATLRSLVASSGTLEFTQESFNWTGVAQDGSSYACRRRSVKSFFSRLNWLYHLNNKYPEQNVTMPNNDKFDKLYIWGVHHPGTDNDQTYLYAQAPGRVIVSTKRSQQTVIPNIGSRPWVRGVSSIISIYWTIVKPGDMLLINSTGNLIAPRGYFKIQSGKSSIMRSDAHIDECNSECITPNGSIPNDKPFQNVNKITYGACPRYVKQNTLKLATGMRNVPEKQTR
A01732888|2016-03-07|cluster_IVA	0.260392282	NYNNYK	QKLPGSDNSMATLCLGHHAVPNGTLVKTITDDQIEVTNATELVQSSSTGRICNSPHQILDGKNCTLIDALLGDPHCDDFQNKKWDLFVERSTAYSNCYPYYVPDYATLRSLIASSGNLEFTQESFNWTGVAQDGSSYACRRGSVNSFFSRLNWLYNLNYKYPEQNVTMPNNDKFDKLYIWGVHHPGMDKDQTNLYVQASGRVIVSTKRSQQTVIPSIGSRPWVRGVSSIISIYWTIVKPGDILLINSTGNLIAPRGYFKIQSGKSSIMRSDAHIDECNSECITPNGSIPNDKPFQNVNKITYGACPRYVKQNTLKLATGMRNVPEKQTR
A01732941|2016-03-08|cluster_IVA	2.863469456	KYNNYK	QKLPGSDNSMATLCLGHHAVPNGTLVKTITDDQIEVTNATELVQNSSTGRICNSPHQILDGKNCTLIDALLGDPHCDDLQNKKWDLFVERSTAYSNCYPYYVPDYATLRSLIASSGNLEFTQESFNWTGVAQDGSSYACKRGSVKSFFSRLNWLYNLNYKYPEQNVTMPNNDKFDKLYIWGVHHPGTDKDQTNLYVQASGRVIVSTKRSQQTVIPNIGSRPWVRGVSSIISIYWTIVKPGDILLINSTGNLIAPRGYFKIQSGESSIMRSDAHIDECNSECITPNGSIPNDKPFQNVNKITYGACPRYVKQNTLKLATGMRNVPEKQTR
A01733626|2016-03-16|cluster_IVA	3.77925845	SYKNYK	QKLPGSDNSMATLCLGHHAVPNGTLVKTLTDDQIEVTNATELVQSSSTGRICNSPHQILDGKNCTLIDALLGDPHCDDFQNKKWDLFVERSTAYSNCYPYYVPDYATLRSLVASSGNLEFTQENFNWTGVDQGGSSNTCKRGSVSSFFSRLNWLYKLNYKYPEQNVAMPNNDKFDKLYIWGVHHPGTDKDQTNLYAQASGRVVVSTKRSQQTVIPNIGSVPWVRGVSSIISIYWTIVKPGDILLINSTGNLIAPRGYFKIQSGKSSIMKSDAHIDECNSECITPNGSIPNDKPFQNVNKITYGACPRYVKQNTLKLATGMRNVPEKQTR
A01733733|2016-03-18|cluster_IVA	2.246409857	KYNNYK	QKLPGSDNSMATLCLGHHAVPNGTLVKTITDDQIEVTNATELVQSSSTGRICNSPHQILDGKNCTLIDALLGDPHCDDFQNKKWDLFVERSTAYSNCYPYYVPDYATLRSLIASSGNLEFTQESFNWTGVTQDGSSNACRRGSVKSFFSRLNWLYNLNYKYPEQNVTMPNNDKFDKLYIWGVHHPGTDKDQTNLYVQASGRVIVSTKRSQQTVIPNIGSRPWVRGVSSIISIYWTIVKPGDILLINSTGNLIAPRGYFKIQSEKSSIMRSDAHIDECNSECITPNGSIPNDKPFQNVNKITYGACPRYVKQNTLKLATGMRNVPEKQTR
A01894277|2016-03-28|cluster_IVA	0.260392282	NYNNYK	QKLPGSDNSMATLCLGHHAVPNGTLVKTITDDQIEVTNATELVQSSSTGRICNSPHQILDGKNCTLIDALLGDPHCDDFQNKKWDLFVERSTAYSNCYPYYVPDYATLRSLIASSGNLEFTQESFNWTGVAQDGSSYACRRGSVNSFFSRLNWLYNLNYKYPEQNVTMPNNDKFDKLYIWGVHHPGMDKDQTNLYVQASGRVIVSTKRSQQTVIPSIGSRPWVRGVSSIISIYWTIVKPGDILLINSTGNLIAPRGYFKIQSGKSSIMRSDAHIDECNSECITPNGSIPNDKPFQNVNKITYGACPRYVKQNTLKLATGMRNVPEKQTR
A01894589|2016-04-01|cluster_IVA	3.995380989	SYKNYK	QKLPGSDNSMATLCLGHHAVPNGTLVKTLTDDQIEVTNATELVQSSSTGRICNSPHQILDGKNCTLIDALLGDPHCDDFQNKKWDLFVERSTAYSNCYPYYVPDYATLRSLVASSGNLEFTQENFNWTGVDQGGSSYTCKRGSVSSFFSRLNWLYKLNYKYPEQNVNMPNNDKFDKLYIWGVHHPGTDKDQTNLYAQASGRVVVSTKRSQQTVIPNIGSVPWVRGVSSIISIYWTIVKPGDILLINSTGNLIAPRGYFKIQSGKSSIMKSDAHIDECNSECITPNGSIPNDKPFQNVNKITYGACPRYVKQNTLKLATGMRNVPXKQTR
A01895671|2016-04-19|cluster_IVA	2.708805306	KYNNNN	QKLPESDNSMATLCLGHHAVPNGTLVKTITDDQIEVTNATELVQSSSTGRICNSPHQILDGKNCTLIDALLGDPHCDDFQNKEWDLFVERSTAYSNCYPYHVPDYATLRSLVASSGNLEFTQESFNWTGVTQDGSSYACRRRSVKSFFSRLNWLYNLNNKYPEQNVTMPNNDKFDKLYIWGVHHPGTDNDQTYLYAQAPGRVIVSTKRSQQTVIPNIGSRPWVRGVSSIISIYWTIVKPGDMLLINSTGNLIAPRGYFKIQSGKSSIMRSDAHIDECNSECITPNGSIPNDKPFQNVNKITYGACPRYVKQNTLKLATGMRNVPEKQTR
A01895763|2016-04-20|cluster_IVA	0.155345407	NYNNYK	QKLPGSDNSMATLCLGHHAVPNGTLVKTITDDQIEVTNATELVQSSSTGRICNSPHQILDGKNCTLIDALLGDPHCDDFQNKKWDLFVERSTAYSNCYPYYVPDYATLRSLIASSGNLEFTQESFNWTGVAQDGSSYACRRGSVNSFFSRLNWLYNLNYKYPEQNVTMPNDDKFDKLYIWGVHHPGTDKDQTNLYVQASGRVIVSTKRSQQTVIPNIGSRPWVRGVSSIISIYWTIVKPGDILLINSTGNLIAPRGYFKIQSGKSSIMRSDAHIDECNSECVTPNGSIPNDKPFQNVNKITYGACPRYIKQNTLKLATGMRNVPEKQTR
A01895772|2016-04-20|cluster_IVA	0.687294639	NYNNYK	QKLPGSDNSMATLCLGHHAVPNGTLVKTITDDQIEVTNATELVQSSSTGRICNSPHQILDGKNCTLIDALLGDPHCDDFQNKKWDLFVERSTAYSNCYPYYVPDYATLRSLIASSGNLEFTQESFNWTGVAQGGSSYACKRGSVNSFFSRLNWLYNLNYKYPEQNVTMPNNDKFDKLYIWGVHHPGTDKDQTNLYVQASGRVIVSTKRSQQTVIPSIGSRPWVRGVSSIISIYWTIVKPGDILLINSTGNLIAPRGYFKIQSGKSSIMRSDAHIDECNSECITPNGSIPNDKPFQNVNKITYGACPRYVKQNTLKLATGMRNVPEKQTR
A01895828|2016-04-20|cluster_IVA	2.505176964	NHKNYS	QKLPGGDNSMATLCLGHHAVPNGTLVKTITDDQIEVTNATELVQSSSTGRICNSPHQILDGKNCTLIDALLGDPHCDDFQNKKWDLFVERSTAYSNCYPYYVPDYATLRSLVASSGNLEFTQESFNWTGIAQDGSSYACKRGSGNSFFSRLNWLHKLNYKYPEQNVTMPNNDKFDKLYIWGVHHPGTDSDQTSLYVQASGKVIVSTKRSQQTVIPNIGSRPWVRGVSSIISIYWTIVKPGDILLINSTGNLIAPRGYFKIQNGKSSIMRSDAHIDGCNSECITPNGSISNDKPFQNVNKITYGACPRYIKQNTLKLATGMRNVPEKQTR
A01895864|2016-04-21|cluster_IVA	2.032794496	NYKNYS	QKLPGGDNSMATLCLGHHAVPNGTLVKTITDDQIEVTNATELVQSSSTGRICNSPHQILDGKNCTLIDALLGDPHCDEFQNKKWDLFVERSTAYSNCYPYYVPDYATLRSLVASSGNLEFTQESFNWTGIAQDGSSYACKRGSGNSFFSRLNWLYKLNYKYPEQNVTMPNNDKFDKLYIWGVHHPGTDSDQTSLYVQASGKVIVSTKRSQQTVIPNIGSRPWVRGVSSIISIYWTIVKPGDILLINSTGNLIAPRGYFKIQNGKSSIMRSDAHIDECNSECITPNGSISNDKPFQNVNKITYGACPRYIKQNTLKLATGMRNVPEKQTR
A01895932|2016-04-22|cluster_IVA	1.250245217	NYKNYK	QKLPGSDNSMATLCLGHHAVPNGTLVKTITDDQIEVTNATELVQSSSTGSICNSPHQILDGKNCTLIDALLGDPHCDGFQNKKWDLFVERSTAYSNCYPYYVPDYATLRSLIASSGNLEFTQESFNWTGVAQDGSSYACRRGSVNSFFSRLNWLYKLNYKYPEQNVIMPNNDKFDKLYIWGVHHPGTDKDQTNLYVQASGRVIVSTKRSQQTVIPNIGSRPWVRGVSSIISIYWTIVKPGDILLINSTGNLIAPRGYFKILSGKSSIMRSDAHIDECNSECITPNGSIPNDKPFQNVNKITYGACPRYVKQNTLKLATGMRNVPEKQTR
A01775092|2016-05-12|cluster_IVA	3.743076774	KYHDYK	QKLPGSDDSMATLCLGHHAVPNGTLVKTITDDQIEVTNATELVQSSSTGKICNSPHHILDGKNCTLIDALLGDPHCDDFQNKKWDLFVERSTAYSNCYPYYVPDYATLRSLVASSGNLEFTQEIFNWTGVAQDGSSYACRRGSDKSFFSRLNWLYHLDYNYPEQNVTMPNNNQFDKLYIWGVHHPGTDKDQTSLYAQTSGRVIVSTKRSQQTVIPNIGSRPWVRGVSSIISIYWTIVKPGDILLINSTGNLIAPRGYFKIQSGKSSIMRSDAHIDECNSECITPNGSISNDKPFQNVNKITYGACPRYIKQNTLKLATGMRNVPEKQTR
A01775461|2016-05-18|cluster_IVA	2.705207307	KYNNYK	QKLPGSDNSMATLCLGHHAVPNGTLVKTITDDQIEVTNATELVQNSSTGRICNSPHQILDGKNCTLIDALLGDPHCDDFQNKKWDLFVERSTAYSNCYPYYVPDYATLRSLIASSGNLEFTQESFNWTGVAQDGSSYACKRGPVKSFFSRLNWLYNLNYKYPEQNVTMPNNDKFDKLYIWGVHHPGTDKDQTNLYVQASGRVIVSTKRSQQTVIPNIGSRPWVRGVSSIISIYWTIVKPGDILLINSTGNLIAPRGYFKIQSGESSIMRSDAHIDECNSECITPNGSIPNDKPFQNVNKITYGACPRYVKQNTLKLATGMRNVPEKQTR
A01775853|2016-05-25|cluster_IVA	3.254823194	KYNNSK	QKLPVSDNSMATLCLGHHAVPNGTLVKTITDDQIEVTNATELVQNSSTGRICNSPHQILDGKNCTLIDALLGDPHCDDFQNKEWDLFVERSTAYSNCYPYYVPDYATLRSLVASSGNLEFTQESFNWTGVAQDGSSFACRRGSDKSFFSRLNWLYNLNSRYPEQNVTMPNNDKFDKLYIWGVHHPGTDKDQIYLYAQAPGRVIVSTKRSQQTVIPNIGSRPWVRGVSSIISIYWTIVKPGDMLLINSTGNLIAPRGYFKIKSGKSSIMRSDAHIDECNSECITPNGSISNDKPFQNVNKITYGACPRYVKQNTLKLATGMRNVPEKQTR
A01776961|2016-06-23|cluster_IVA	0.536235229	NYNNYK	QKLPGSDNSMATLCLGHHAVPNGTLVKTITDDQIEVTNATELVQGSSTGRICNSPHQILDGKNCTLIDALLGDPHCDDFQNKEWDLFVERSTAYSNCYPYYVPDYATLRSLVASSGNLKFTQEIFNWTGVAQEGSSYSCKRGSVNSFFSRLNWLYNLNYKYPEQNVTMPNNDKFDKLYIWGVHHPGTDKDQTNLYAQASGRVIVSTRRSQQTVIPNIGSRPWVRGVSSIISIYWTIVKPGDILLINSTGNLIAPRGYFKIQSGKSSIMRSDAHIDECNSECITPNGSISNDKPFQNVNKITYGACPRYVKQNTLKLATGMRNVPEKQTR
A01777393|2016-07-07|cluster_IVA	2.064030985	NYKNYS	QKLPGGDNSMATLCLGHHAVPNGTLVKTITDDQIEVTNATELVQSSSTGRICNSPHQILDGKNCTLIDALLGDPHCDDFQNKKWDLFVERSTAYSNCYPYYVPDYATLRSLVASSGNLEFTQESFNWTGIAQDGSSYACKRGSGNSFFSRLNWLYKLNYKYPEQNVTMPNNDKFDKLYIWGVHHPGTDSDQTSLYVQASGKVIVSTKRSQQTVIPNIGSRPWVRGVSSIISIYXTIVKPGDILLINSTGNLIAPRGYFKIQNGKSSIMRSDAHIDECNSECITPNGSISNDKPFQNVNKITYGACPRYIKQNTLKLATGMRNVPEKQTR
A01777830|2016-07-22|cluster_IVA	0.639951171	NYNNYK	QKLPGSDNSMATLCLGHHAVPNGTLVKTITDDQIEVTNATELVQGSSTGRICNSPHQILDGKNCTLIDALLGDPHCDDFQNKEWDLFVERSTAYSNCYPYYVPDYATLRSLVASSGNLKFTQEIFNWTGVAQEGSSYSCRRGSVNSFFSRLNWLYNLNYKYPEQNVTMPNNDKFDKLYIWGVHHPGTDKDQTNLYAQASGRVIVSTRRSQQTVIPNIGSRPWVRGVSSIISIYWTIVKPGDILLINSTGNLIAPRGYFKIQNGKSSIMRSDAHIDECNSECITPNGSISNDKPFQNVNKITYGACPRYVKQNTLKLATGMRNVPEKQTR
A01777894|2016-07-25|cluster_IVA	3.735454701	KYHNYK	QKLPGSDDSMATLCLGHHAVPNGTLVKTITDDQIEVTNATELVQSSSTGKICNSPHNILDGKNCTLIDALLGDPHCDDFQNKKWDLFVERSTAYSNCYPYYVPDYATLRSLVASSGNLEFTQEIFNWTGVAQDGSSYACRRGSDKSFFSRLNWLYHLNYNYPEQNVTMPNNNQFDKLYIWGVHHPGTDKDQTSLYAQTSGRVIVSTKRSQQTVIPNIGSRPWVRGVSSIISIYWTIVKPGDILLINSTGNLIAPRGYFKIQSGKSSIMRSDAHIDECNSECITPNGSISNDKPFQNVNKITYGACPRYVKQNTLKLATGMRNVPEKQTR
A01777989|2016-07-28|cluster_IVA	0.687224621	NYNNYK	QKLPGSDNSMATLCLGHHAVPNGTLVKTITDDQIEVTNATELVQSSSTGRICNSPHQILDGKNCTLIDALLGDPHCDDFQNKKWDLFVERSTAYSNCYPYYVPDYATLRSLIASSGNLEFTQESFNWTGVAQDGSSYACRRGSVNSFFSRLNWLYNLNYKYPEQNVTMPNDDKFDKLYIWGVHHPGTDKDQTNLYVQASGRVIVSTKRSQQTVIPNIGSRPWVRGVSSIISIYWTIVKPGDILLINSTGNLIAPRGYFKIQNGKSSIMRSDAHIDECNSECVTPNGSIPNDKPFQNVNKITYGACPRYIKQNTLKLATGMRNVPEKQTR
A01778607|2016-08-17|cluster_IVA	4.212218485	KYHDYK	QKLPGSDDSMATLCLGHHAVPNGTLVKTITDDQIEVTNATELVQSSSTGKICNSPHHILDGKNCTLIDALLGDPHCDDFQNKKWDLFVERSTAYSNCYPYYVPDYATLRSLVASSGNLEFTQEIFNWTGVAQDGSSYACRRGSDKSFFSRLNWLYHLDYNYPEQNVTMPNNNQFDKLYIWGVHHPGTDKDQTSLYAQTSGRVIVSTKRSQQTVIPNIGSRPWVRGVSSIISIYWTIVKPGDILLINSTGNLIAPRGYFKIQGGKSSIMRSDAHIDECNSECITPNGSISNDKPFQNVNKITYGACPRYIKQNTLKLATGMRNVPEKQTR
A01781224|2016-09-12|cluster_IVA	4.362266856	KYKNHS	QKLPGGDNSMATLCLGHHAVPNGTLVKTITDEQIEVTNATELVQSSSTGRICNSPHQILDGKNCTLIDALLGDPHCDEFQNKKWDLFVERSTAYSNCYPYYVPDYATLRSLVASSGNLEFTQESFNWTGIAQDGSSYACKRGSGKSFFSRLNWLYKLNHKYPEQNVTMPNNDKFDKLYIWGVHHPGTDSDQTSLYVQASGKVIVSTKRSQQTVIPNIGSRPWVRGVSSIISIYWTIVKPGDILLINSTGNLIAPRGYFKIQNGKSSIMRSDAHIDECNSECITPNGSISNDKPFQNVNKITYGACPRYIKQNTLKLATGMRNVPEKQTR
A01781410|2016-09-16|cluster_IVA	2.792280848	KYNNYK	QKLPGSDNSMAMLCLGHHAVPNGTLVKTITDDQIEVTNATELVQSSSTGRICNSPHQILDGKNCTLIDALLGDPHCDDFQNKKWDLFVERSTAYSNCYPYYVPDYATLRSLIASSGNLEFTXENFNWTGVAQDGSSYACRRGSVKSFFSRLNWLYNLNYKYPEQNVTMPNNDKFDKLYIWGVHHPGTDKDQTNLYVQASGRVVVSTKRSQQTVIPNIGSRPWVRGVSSIISVYWTIVKPGDILLINSTGNLIAPRGYFKIQSGKSSIMRSDAHIDECNSECITPNGSIPNDKPFQNVNKITYGACPRFVKQKTLKLATGMRNVPEKQTR
A01781579|2016-09-21|cluster_IVA	4.362266856	KYKNHS	QKLPGGDNSMATLCLGHHAVPNGTLVKTITDEQIEVTNATELVQSSSTGRICNSPHQILDGKNCTLIDALLGDPHCDEFQNKKWDLFVERSTAYSNCYPYYVPDYATLRSLVASSGNLEFTQESFNWTGIAQDGSSYACKRGSGKSFFSRLNWLYKLNHKYPEQNVTMPNNDKFDKLYIWGVHHPGTDSDQTSLYVQASGKVIVSTKRSQQTVIPNIGSRPWVRGVSSIISIYWTIVKPGDILLINSTGNLIAPRGYFKIQNGKSSIMRSDAHIDECNSECITPNGSISNDKPFQNVNKITYGACPRYIKQNTLKLATGMRNVPEKQTR
A01782435|2016-10-19|cluster_IVA	3.323183468	KYNNHK	QKLPGSDNSMATLCLGHHAVPNGTLVKTITDDQIEVTNATELVQSSSTGRICNSPHQILDGKNCTLIDALLGDPHCDGFQNKKWDLFVERSTAYSNCYPYYVPDYATLRSIIASSGNLEFTQESFNWTGVAQDGSSYACRRGSVKSFFSRLNWLYNLNHKYPEQNVTMPNNDEFDKLYIWGVHHPGTDKDQTNLYVQASGRVIVSTKRSQQTVIPNIGSRPWVRGVSSIISIYWTIVKPGDILLINSTGNLIAPRGYFKILSGKSSIMRSDAHIDECNSECITPNGSIPNDKPFQNVNRITYGACPRYIKQNTLKLATGMRNVPEKQTR
A01668240|2016-11-14|cluster_IVA	2.057869761	NYKNYS	QKLPGGDNSMATLCLGHHAVPNGTLVKTITDDQIEVTNATELVQSSSTGRICNSPHQILDGKNCTLIDALLGDPHCDEFQNKKWDLFVERSTAYSNCYPYYVPDYATLRSLVASSGNLEFIQESFNWTGIAQDGSSYACKRGSGNSFFSRLNWLYKLNYKYPEQNVTMPNNDKFDKLYIWGVHHPGTDSDQTSLYVQASGKVIVSTKRSQQTVIPNIGSRPWVRGVSSIISIYWTIVKPGDILLINSTGNLIAPRGYFKIQNGKSSIMRSDAHIDECNSECITPNGSISNDKPFQNVNKITYGACPRYIKQNTLKLATGMRNVPEKQTR
A01668207|2016-11-14|cluster_IVA	2.74771609	KYHDYK	QKLPGSDNSMATLCLGHHAVPNGTLVKTITDDQIEVTNATELVQSSSTGRICNSPHQILDGKNCTLIDALLGDPHCDDFQNKKWDLFIERSTAYSNCYPYYVPDYATLRSLVASSGNLEFTQESFNWTGVAQDGSSYSCRRGSDKSFFSRLNWLYHLDYKYPEQNVTMSNNDKFDKLYIWGVHHPGTDKDQTNLYVQSSGRVIVSTKRSQQTVIPNIGYKPWVRGVSSIISIYWTIVKPGDIFLINSTGNLIAPRGYFKIQSGKSSIMRSDAHIDECNSECITPNGSISNDKPFQNVNKITYGACPRYVKQNTLKLATGMRNVPEKQTR
A01671000|2016-12-07|cluster_IVA	1.490107547	NYKNYN	QKLPGGDNSMATLCLGHHAVPNGTLVKTITDDQIEVTNATELVQSSSTGRICNSPHQILDGKNCTLIDALLGDPHCDDFQNKKWDLFVERSTAYSNCYPYYVPDYATLRSLVASSGNLEFTQESFNWTGIAQDGSSYACKRGSGNSFFSRLNWLYKLNYKYPEQNVTMPNNDKFDKLYIWGVHHPGTDNDQTSLYAQASGKVIVSTKRSQQTVIPNIGSRPWVRGVSSIISIYWTIVKPGDILLINSTGNLIAPRGYFKIQNGKSSIMRSDAHIDECNSECITPNGSISNDKPFQNVNKITYGACPRYIKQNTLKLATGMRNVPEKQTR
A01671226|2016-12-12|cluster_IVA	0.810795747	NYNNYK	QKLPGSDNSMATLCLGHHAVPNGTLVKTITDDQIEVTNATELVQSSSTGRICNSPHQILDGKNCTLIDALLGDPHCDDFQNKKWDLFVERSTAYSNCYPYYVPDYATIRSLIASSGNLEFTQESFNWTGVAQDGSSYACRRGSVNSFFSRLNWLYNLNYKYPEQNVTMPNNDKFDKLYIWGVHHPGTDKDQTSLYVQAPGRVIVSTKRSQQTVIPNIGPRPWVRGVSSIISIYWTIVKPGDILLINSTGNLIAPRGYFKIQSGKSSIMRSDAHIDECNSECITPNGSIPNDKPFQNVNKITYGACPRYVKQNTLKLATGMRNVPEKQTR
A01671574|2016-12-21|cluster_IVA	0.999649915	NYNNYK	QKLPGSDNSMATLCLGHHAVPNGTLVKTITDDQIEVTNATELVQSSSTSRICNSPHQILDGKNCTLIDALLGDPHCDDFQNKKWDLFVERSTAYSNCYPYYVPDYATLRSLIASSGNLEFTQESFNWTGVAQDGSSYACRRGSVNSFFSRLNWLYNLNYKYPEQNVTMPNNDKFDKLYIWGVHHPGTDKDQTNLYVQASGRVIVSTKRSQQTVIPNIGSRPWVRGVSSIISIYWTIVKPGDILLINSTGNLIAPRGYFKIQSGKSSIMRSDAHIDECNSECITPNGSIPNDKPFQNVNKITYGACPRYVKQNTLKLATGMRNVPEKQTR
A01671744|2016-12-29|cluster_IVA	0.050146283	NYNNYK	QKLPGSDNSMATLCLGHHAVSNGTLVKTITDDQIEVTNATELVQSSSTGRICNSPHQILDGKNCTLIDALLGDPHCDDFQNKEWDLFVERSTAYSNCYPYYVPDYATLRSLVASSGNLEFTQENFNWTGVAQDGSSYACRRGSVNSFFSRLNWLYNLNYKYPEQNVTMPNNDKFDKLYIWGVHHPGTDKDQTNLYAQASGRVIVSTKRSQQTVIPNIGSRPWVRGVSSIISIYWTIVKPGDIFLINSTGNLIAPRGYFKIQSGKSSIMRSDAHIDECNSECITPNGSIPNDKPFQNVNKITYGACPRYVKQNTLKLATGMRNVPEKQTR
A01671944|2017-01-03|cluster_IVA	2.74771609	KYHDYK	QKLPGSDNSMATLCLGHHAVPNGTLVKTITDDQIEVTNATELVQSSSTGRICNSPHQILDGKNCTLIDALLGDPHCDDFQNKKWDLFIERSTAYSNCYPYYVPDYATLRSLVASSGNLEFTQESFNWTGVAQDGSSYSCRRGSDKSFFSRLNWLYHLDYKYPEQNVTMSNNDKFDKLYIWGVHHPGTDKDQTNLYVQSSGRVIVSTKRSQQTVIPNIGYKPWVRGVSSIISIYWTIVKPGDIFLINSTGNLIAPRGYFKIQSGKSSIMRSDAHIDECNSECITPNGSISNDKPFQNVNKITYGACPRYVKQNTLKLATGMRNVPEKQTR
A01672517|2017-01-30|cluster_IVA	0.741390249	NYNNYK	QKLPGSDNSMATLCLGHHAVPNGTLVKTITDDQIEVTNATELVQSSSTGRICNSPHQILDGKNCTLIDALLGDPHCDDFQNKKWDLFVERSTAYSNCYPYYVPDYATLRSLIASSGNLEFTQESFNWTGVAQDGSSYACRRGSVNSFFSRLNWLYNLNYKYPEQNVTMPNNDKFDKLYIWGVHHPSTDKDQTNLYAQASGRVIVSTKRSQQTVIPNIGSRPWVRGVSSIISIYWTIVKPGDALLINNTGNLIAPRGYFRILSGKSSIMRSDAHIDECNSECITPNGSIPNDKPFQNVNKITYGACPRYVKQNTLKLATGMRNVPEKQTR
A01672826|2017-02-10|cluster_IVA	0.162624989	NYNNYK	QKLPGSDNSTATLCLGHHAVPNGTLVKTITDDQIEVTNATELVQSSSTGRICNSPHQILDGKNCTLIDALLGDPHCDDFQNKEWDLFVERSTAYSNCYPYYVPDYATLRSLVASSGNLEFTQESFNWTGVAQDGSSYACRRGSVNSFFSRLNWLYNLNYKYPEQNVTMPNNDKFDKLYIWGVHHPGTDKDQTNLYVQASGRVIVSTKISQQTVIPNIGSRPWVRGVSSIISIYWTIVKPGDILLINSTGNLIAPRGYFKIQSGKSSIMRSDAHIDECNSECITPNGSISNDKPFQNVNKITYGACPRYVKQNTLKLATGMRNVPEKQTR
A01932044|2017-02-17|cluster_IVA	3.537951943	KYNNSK	QKLPESDNSMATLCLGHHAVPNGTLVKTITDDQIEVTNATELVQSSSTGRICNSPHQILDGKNCTLIDSLLGDPHCDDFQNKKWDLFVERSTAYSNCYPYYVPDYATLRSIVASSGNLEFTQESFNWTGVAQDGSSSACKRGSAKSFFSRLNWLYNLNSRYPEQNVTMPNNDKFDKLYIWGVHHPGTDKDQTYLYAQTPGRVIVSTKRSQQTVIPDVGSRPWVRGVSSIISIYWTIVKPGDMLLINSTGNLIAPRGYFKMQSGKSSIMRSDAHIDECNSECITPNGSISNDKPFQNVNKITYGACPRYVKQNTLKLATGMRNVPEKQTR
A02214841|2017-04-25|cluster_IVA	1.284612874	NYNNYK	QKPPGSENNMATLCLGHHAVPNGTLVKTITDDQIEVTNATELVQSSSTGRICNSPHQILDGKNCTLIDALLGDPHCDDFQNKEWDLFVERSTAYSNCYPYYVPDYATLRSLVASSGNLEFTQESFNWTGVAQDGSSYACRRGSVNSFFSRLNWLYNLNYKYPEQXVTMPNNDKFDKLYIWGVHHPGTDKDQTNLYAQASGRVIVSTKRNQQTVIPNIGSRPWVRGVSSIMSIYWTIVKPGDILLINSTGNLIAPRGYFKIQSGKSSIMRSDAHIDECNSECITPNGSIPNDKPFQNVNKITYGACPRYVKQNTLKLATGMRNVPDKQTR
A02214844|2017-04-25|cluster_IVA	0.999649915	NYNNYK	QKLPGSDNSMATLCLGHHAVPNGTLVKTITDDQIEVTNATELVQSSSTSRICNSPHQILDGKNCTLIDALLGDPHCDDFQNKKWDLFVERSTAYSNCYPYYVPDYATLRSLIASSGNLEFTQESFNWTGVAQDGSSYACRRGSVNSFFSRLNWLYNLNYKYPEQNVTMPNNDKFDKLYIWGVHHPGTDKDQTNLYVQASGRVIVSTKRSQQTVIPNIGSRPWVRGVSSIISIYWTIVKPGDILLINSTGNLIAPRGYFKIQSGKSSIMRSDAHIDECNSECITPNGSIPNDKPFQNVNKITYGACPRYVKQNTLKLATGMRNVPEKQTR
A02215031|2017-05-02|cluster_IVA	1.847108039	NYKNYK	QKLPESDNSMATLCLGHHAVPNGTLVKTITDDQIEVTNATELVQSASTGRICNGPHQILDGKNCTLIDALLGDPHCDDLQNKEWDLFVERSTAYSNCYPYYVPDQATLRSLVASSGKLEFTQESFNWTGVAQDGSSYSCRRGSVNSFFSRLNWLYKLNYKYPEQNVTMPNNDRFDKLYIWGVHHPGTDKDQTNLYVQESGRVIVSTKRSQQTVIPSIGSRPWVRGVSSIISIYWTIVKPGDILLINSSGNLIAPRGYFKIQSGKSSIMRSDAHIDECNSECITPNGSISNDKPFQNVNKITYGACPRYVKQNTLKLATGMRNVPEKQTR
A02215046|2017-05-02|cluster_IVA	2.636413311	KYNEYK	QKLPGNDNSMATLCLGHHAVPNGTFVKTITDDQVEVTNATELIQSSSTGRICNSPHHILDGKNCTLIDALLGDPHCDDFQNKEWDLFVERSTAYSNCYPYYVPDYATLRSLIASSGNLEFTQESFNWTGVAQDGSSYACRRGSVKSFFSRLNWLYNLEYKYPEQNVTMPNNDKFDKLYIWGVHHPGTDKDQTNLYVQASGRVIVSTKRSQQTVIPNIGSRPWVRGVSSIISIYWTIVKPGDILLINSTGNLIAPRGYFKIQSGKSSIMRSDAHIDECYSECITPNGSISSDKPFQNVNKITYGACPRYVKQNTLKLATGMRNVPEKQTR
A02217400|2017-06-28|cluster_IVA	0.789055219	NYNNYK	QKLPGSDNSMATLCLGHHAVPNGTLVKTITDDQIEVTNATELVQSSSTGRICNSPHQILDGKNCTLIDALLGDPHCDDFQNKEWDLFVERSTAYSSCYPYYVPDYATLRSLVASSGNLKFTQEIFNWTGVAQDGSSYACRRGSVNSFFSRLNWLYNLNYKYPEQNVSMPNNDEFDKLYIWGVHHPGTDKDQTNLYAQASGRVMVSTKRSQQTVIPNVGSRPWVRGVSSIISIYWTIVKPGDILSINSTGNLIAPRGYFKIQSGKSSIMRSDAHIDECNSECITPNGSISNDKPFQNVNKITYGACPRYVKQNTLKLATGMRNVPEKQTR
A02218156|2017-07-10|cluster_IVA	0.789055219	NYNNYK	QKLPGSDNSMATLCLGHHAVPNGTLVKTITDDQIEVTNATELVQSSSTGRICNSPHQILDGKNCTLIDALLGDPHCDDFQNKEWDLFVERSTAYSSCYPYYVPDYATLRSLVASSGNLKFTQEIFNWTGVAQDGSSYACRRGSVNSFFSRLNWLYNLNYKYPEQNVSMPNNDEFDKLYIWGVHHPGTDKDQTNLYAQASGRVMVSTKRSQQTVIPNVGSRPWVRGVSSIISIYWTIVKPGDILSINSTGNLIAPRGYFKIQSGKSSIMRSDAHIDECNSECITPNGSISNDKPFQNVNKITYGACPRYVKQNTLKLATGMRNVPEKQTR
A02221499|2017-09-19|cluster_IVA	1.281692856	NHNNYK	QELPGSDNSMATLCLGHHAVPNGTLVKTITDDQIEVTNATELVQSSSTGRICNSPHQILDGKNCTLIDALLGDPHCDDFQNKEWDLFVERSTAYSNCYPYYVPDYATLRSLVASSGNLKFTQEIFNWTGVAQDGSSYSCKRGSVNSFFSRLNWLHNLNYKYPEQNVTMPNNDKFDKLYIWGVHHPGTDKDQTNLYVQASGRVIVSTRRSQQTVIPNIGSRPWVRGVSSIISIYWTIVKPGDILLINSTGNLIAPRGYFKIQSGKSSIMRSDANIDECNSECITPNGSISNDKPFQNVNKITYGACPRYIKQNTLKLATGMRNVPEKQNR
A02134225|2017-10-24|cluster_IVA	1.24907146	NYNNYK	QKLPGSDNSMATLCLGHHAVPNGTLVKTITDDQIEVTNATELVQSSSTSRICNSPHQILDGKNCTLIDALLGDPHCDDFQNKKWDLFVERSTAYSNCYPYYVPDYATLRSLIASSGNLEFTQESFNWTGVAQDGSSYSCRRGSVNSFFSRLNWLYNLNYKYPEQNVTMPNNDKFDKLYIWGVHHPGTDKDQTNLYVQAPGRVIVSTKRSQQTVIPNIGSRPWVRGVSSIISIHWTIVKPGDILLINSTGNLIAPRGYFKIQSGKSSIMRSDAHIDECNSECITPNGSIPNDKPFQNVNKITYGACPRYVKQNTLKLATGMRNVPEKQTR
A02134242|2017-10-24|cluster_IVA	0.789055219	NYNNYK	QKLPGSDNSMATLCLGHHAVPNGTLVKTITDDQIEVTNATELVQSSSTGRICNSPHQILDGKNCTLIDALLGDPHCDDFQNKEWDLFVERSTAYSSCYPYYVPDYATLRSLVASSGNLKFTQEIFNWTGVAQDGSSYACRRGSVNSFFSRLNWLYNLNYKYPEQNVSMPNNDKFDKLYIWGVHHPGTDKDQTNLYAQASGRVMVSTKRSQQTVIPNVGSRPWVRGVSSIISIYXTIVKPGDILSINSTGNLIAPRGYFKIQSGKSSIMRSDAHIDECNSECITPNGSISNDKPFQNVNKITYGACPRYVKQNTLKLATGMRNVPEKQTR
A02135886|2017-11-13|cluster_IVA	2.709104366	KYHDYK	QKLPGSDNSMATLCLGHHAVPNGTLVKTITDDQIEVTNATELVQSSSTGRICNSPHQILDGKNCTLIDALLGDPHCDDFQNKEWDLFVERSTAYSNCYPYYVPDYATLRSLVASSGNLKFTQESFNWTGVAQDGSSNACRRKSVKSFFSRLNWLYHLDYKYPEQNVXMPNNDKFDKLYIWGVHHPGTDKDQTNLYAQASGRVIVSTKRSQQTVTPNIGSRSWVRGVSSIISIYWTIVKPGDILLINSTGNLIAPRGYFKIQSGKSSIMRSDAHIDECNSECITPNGSIPNDKPFQNVNKITYGACPRYVKQKTLKLATGMRNVPEKQTR
A02136748|2017-11-21|cluster_IVA	1.51683458	NYNNYK	QKLPGSDNSMATLCLGHHAVPNGTLVKTITDDQIEVTNATELVQSSSTGRICNSPHQILDGKNCTLIDALLGDPHCDDFQNKKWDLFVERSTAYSNCYPYYVPDYATLRSLIASSGNLEFTQESFNWTGVTQDGSSYACRKGSVNSFFSRLNWLYNLNYKYPEQNVTMPNNDKFDKLYIWGVHHPGTDKDQTYLYVQAPGRVMVSTKRSQQTIIPNIGSRPWVRGVSSIISIHWTIVKPGDILLINSTGNLIAPRGYFKIQSGKSSIMRSDAHIDECNSECITPNGSIPNDKPFQNVNKITYGACPRYVKQNTLKLATGMRNVPEKQTR
A02138601|2017-12-13|cluster_IVA	0.300853858	NYNNYK	QKLSGSDNSMATLCLGHHAVPNGTLVKTITDDQIEVTNATELVQSSSTGRICNSPHQILDGKNCTLIDALLGDPHCDDFQNKEWDLFVERSTAYSNCYPYYVPDYATLRSLVASSGNLKFTQESFNWTGVAQDGSSYACRRGSVNSFFSRLNWLYNLNYKYPEQNVTMPNNDKFDKLYIWGVHHPGTDKDQTNLYVQASGKVIVSTKRSQQTVIPNVGSRPWVRGVSSIISIYWTIVKPGDILLINSTGNLIAPRGYFKIQSGKSSIMRSDAHIDECNSECITPNGSISNGKPFQNVNKITYGACPRYVKQNTLKLATGMRNVPEKQTR
A02142683|2018-02-14|cluster_IVA	1.239006963	NYNNYK	QKLSGSDDSMATLCLGHHAVPNGTLVKTITDDQIEVTNATELVQSSSTGRICNSPHQILDGKNCTXIDALLGDPHCDDFQNKEWDLFVERSTAYSICYPYYVPDYATLRSLVASSGNLKFTQESFNWTGVAQDGSSYACRRGSVNSFFSRLNWLYNLNYKYPEQNVTMPNNDKFDKLYIWGVHHPGTDKDQTNLYVQASGKVIVSTKRSQQTVIPNVGSRPWVRGVSSIISIYXTIVKXGDILLINSTGNLIAPRGYFKIQSGKSSIMRSDAHIDECNSECITPNGSISNGKPFQNVNKITYGACPRYVKQNTLKLATGMRNVPEKQTR
A02154072|2018-02-26|cluster_IVA	1.409789473	NYNNYK	QKLPGSDNSMATLCLGHHAVPNGTLVKTITDDQVEVTNATELVQSSSTGRICNSPHQILDGKNCTLIDALLGDPHCDDFQNKEWDLFVERSTAYSSCYPYYVPDYATLRSLVASSGNLKFTQEIFNWTGVAQDGSSYACRRGSVNSFFSRLNWLYNLNYKYPEQNVSMPNNDEFDKLYIWGVHHPGTDKDQTNLYAQASGRVMVSTKRSQQTVIPNVGSRPWVRGVSSIISIYWTIVKPGDILSINSTGNLIAPRGYFKIQSGKSSIMRSDAHIDECNSECITPNGSISNNKPFQNVNKITYGACPRYVKQNTLKLATGMRNVPEKQTR
A02154766|2018-03-05|cluster_IVA	3.403304935	KHKNYE	QRLPRSDNSMATLCLGHHAVPNGTLVKTITDDQIEVTNATELVQSSSTGRICNSPHQILDGKNCTXIDALLGDPHCDDFQNKEWDLFVERSTAYSSCYPYYVPDYATLRSLVASSGNLGFTQESFNWTGVAQDGSSFSCRRGSVKSFFSRLNWLHKLNYKYPEQNVTMPNNDKFDKLYIWGVHHPGTDEDQTNLYVHASGRVIVSTKRSQQTVIPNIGSRPWVRGVSSIISIYWTIVKPGDILLINSTGNLIAPRGYFKIQSGKSSIMRSDAHIDECNSECITPNGSISNDKPFQNVNKITYGACPRYVKQNTLKLATGMRNVPEKQTR
A02155428|2018-03-09|cluster_IVA	0.277529781	NYNNYK	QKLSGSDNSMATLCLGHHAVPNGTLVKTITDDQIEVTNATELVQSSSTGRICNSPHQILDGKNCTLIDALLGDPHCDDFQNKEWDLFVERSTAYSNCYPYYVPDYATLRSLVASSGNLKFTQESFNWTGVAQDGSSYACRRGSVNSFFSRLNWLYNLNYKYPEQNVTMPNNDKFDKLYIWGVHHPGTDKDQTNLYVQASGKVIVSTKRSQQTVIPNVGSRPWVRGVSSIISIYXTIVKPGDILLINSTGNLIAPRGYFKIQSGKSSIMRSDAHIDECNSECITPNGSISNGKPFQNVNKITYGACPRYVKQNTLKLATGMRNVPEKQTR
A02157976|2018-04-23|cluster_IVA	0.902377958	NYNNYK	QKISGSDNSMATLCLGHHAVPNGTLVKTITDDQIEVTNATELVQSSSTGRICNSPHQILDGKNCTLIDALLGDPHCDDFQNKEWDLFVERSTAYSNCYPYYVPDYATLRSLVASSGNLKFTQESFNWTGVAQDGSSYACRRGSVNSFFSRLNWLYNLNYKYPEQNVTMPNNDKFDKLYIWGVHHPGTDKDQTNLYVQASGKVIVSTKRSQQTVIPNVGSRPWVRGVSSIISIYXTIVKPGDILLINSTGNLIAPRGYFKIQSGKSSIMRSDAHIDECNSECITPNGSISNGKPFQNVNKITYGACPRYVKQNTLKLATGMRNVPEKQAR
A02157995|2018-04-24|cluster_IVA	0.300853858	NYNNYK	QKLSGSDNSMATLCLGHHAVPNGTLVKTITDDQIEVTNATELVQSSSTGRICNSPHQILDGKNCTLIDALLGDPHCDDFQNKEWDLFVERSTAYSNCYPYYVPDYATLRSLVASSGNLKFTQESFNWTGVAQDGSSYACRRGSVNSFFSRLNWLYNLNYKYPEQNVTMPNNDKFDKLYIWGVHHPGTDKDQTNLYVQASGKVIVSTKRSQQTVIPNVGSRPWVRGVSSIISIYWTIVKPGDILLINSTGNLIAPRGYFKIQSGKSSIMRSDAHIDECNSECITPNGSISNGKPFQNVNKITYGACPRYVKQNTLKLATGMRNVPEKQTR
A02158807|2018-05-23|cluster_IVA	0.632566295	NYNNYK	QKLSGSDNSMATLCLGHHAVPNGTLVKTITDDQIEVTNATELVQSSSTGRICNSPHQILDGKNCTLIDALLGDPHCDDFQNKEWDLFVERSTAYSNCYPYYVPDYATLRSLVASSGNLKFTQESFNWTGVAQDGSSYACRRGSVNSFFSRLNWLYNLNYKYPEQNVTMPNNDKFDKLYIWGVHHPGTDKDQTNLYVQASGKVIVSTKRSQQTVIPNVGSRPWVRGVSSIISIHWTIVKPGDILLINSTGNLIAPRGYFKIQSGKSSIMRSDARIDECNSECITPNGSISNGKPFQNVNKITYGACPRYVKQNTLKLATGMRNVPEKQTR
A02169069|2018-05-31|cluster_IVA	0.300853858	NYNNYK	QKLSGSDNSMATLCLGHHAVPNGTLVKTITDDQIEVTNATELVQSSSTGRICNSPHQILDGKNCTLIDALLGDPHCDDFQNKEWDLFVERSTAYSNCYPYYVPDYATLRSLVASSGNLKFTQESFNWTGVAQDGSSYACRRGSVNSFFSRLNWLYNLNYKYPEQNVTMPNNDKFDKLYIWGVHHPGTDKDQTNLYVQASGKVIVSTKRSQQTVIPNVGSRPWVRGVSSIISIYWTIVKPGDILLINSTGNLIAPRGYFKIQSGKSSIMRSDAHIDECNSECITPNGSISNGKPFQNVNKITYGACPRYVKQNTLKLATGMRNVPEKQTR
A02171019|2018-07-09|cluster_IVA	0.767603592	NYNNYK	QKLSGSDDSMATLCLGHHAVPNGTLVKTITDDQIEVTNATELVQSSSTGRICNSPHQILDGKNCTLIDALLGDPHCDDFQNKEWDLFVERSTAYSNCYPYYVPDYATLRSLVASSGNLKFTQESFNWTGVAQDGSSYACRRGSVNSFFSRLNWLYNLNYKYPEQNVTMPNNDKFDKLYIWGVHHPGTDKDQTNLYVQASGKVIVSTKRSQQTVIPNVGSRPWVRGVSSIISIYWTIVKPGDILLINSTGNLIAPRGYFKIQSGKSSIMRSDAHIDECNSECITPNGSISNGKPFQNVNKITYGACPXYVKQNTLKLATGMRNVPEKQTR
A02172377|2018-07-16|cluster_IVA	3.308562959	KHNNSK	QKLPENDNSMATLCLGHHAVSNGTLVKTITDDQIEVTNATELVQSSSTGRICNSPHQILDGKNCTLIDSLLGDPHCDDFQDKKWDLFVERSTAYSNCYPYYVPDYATLRSIVASSGNLEFTQESFNWTGVSQDGSSFACKRGSAKSFFSRLNWLHNLNSRYPEQNVTMPNNDKFDKLYIWGVHHPGTDKDQTYLYAQTPGRVIVSTKRSQQTVIPNIGSRPWVRGVSSIISIYWTIVKPGDMLLINSTGNLIAPRGYFKIQSGKSSIMRSDAHIDECNSECITPNGSISNDKPFQNVNKITYGACPRYVKQNTLKLATGMRNVPEKQTR
A02254607|2018-07-30|cluster_IVA	0.069533969	NYNNYK	QKLSGSDNSMATLCLGHHAVPNGTLVKTITDDQIEVTNATELVQSSSTGRICNSPHQILDGKNCTLIDALLGDPHCDDFQNKEWDLFVERSTAYSNCYPYYVPDYATLRSLVASSGNLKFTQESFNWTGVAQDGSSYACRRGSVNSFFSRLNWLYNLNYKYPEQNVTMPNNDKFDKLYIWGVHHPGTDKDQTNLYVQASGKVIVSTKRSQQTVIPNVGSRPWVRGVSSIISIYWTIVKPGDILLINSTGNLIAPRGYFKIQSGKSSIMRSDAHIDECNSECITPNGSISNGKPFQNVNKITYGACPRYIKQNTLKLATGMRNVPEKQTR
A02254616|2018-07-30|cluster_IVA	0.598091844	NYKNYM	QKLPGSDNSMATLCLGHHAVPNGTLVKTITDDQIEVTNATELVQSSSTGRICNSPHQILDGKNCTLIDALLGDPHCDDFQNKEWDLFVERSTAYSNCYPYYVPDYATLRSLVASSGNLEFTQESFNWTGVAQDGSSYACRRGSVNSFFSRLNWLYKLNYKYPEQNVTMPNNDKFDKLYVWGVHHPGTDMDQTSLYVQASGKVIVSTKRSQQTVIPNVGSRPWVRGVSSIISIYWTIVKPGDILLINSTGNLIAPRGYFKIQSGKSSIMRSDAHIDECNSECITPNGSISNDKPFQNVNKITYGACPRYVKQNTLKLATGMRNVPEKQTR
A02254794|2018-08-06|cluster_IVA	3.131809469	NYKNYK	QRLPGSDNSMATLCLGHHAVPNGTLVKTITDDQVEVTNATELVQSSSTGRICNSPHQILDGKNCTLIDALLGDPHCDDLQNKEWDLFIERSTAYSNCYPYYVPDYATLRSLVAASGSLEFTQESFNWNGVAQGGSSYACKRESVNSFFSRLNWLYKLNYKYPEQNVTMPNNDNFDKLYIWGVHHPGTDKDQTNLYVQASGRVLVSTKRSQQNIIPNIGSRPWIRGVSSIISVHWTIVKPGDILVINSTGNLIAPRGYFKIQSGKSSIMRSDTHIDECNSDCITPNGSIPNDKPFQNVNKITYGACPRYVKQNTLKLATGMRNVPEKQTR
A02254796|2018-08-06|cluster_IVA	0.277529781	NYNNYK	QKLSGSDNSMATLCLGHHAVPNGTLVKTITDDQIEVTNATELVQSSSTGRICNSPHQILDGKNCTLIDALLGDPHCDDFQNKEWDLFVERSTAYSNCYPYYVPDYATLRSLVASSGNLKFTQESFNWTGVAQDGSSYACRRGSVNSFFSRLNWLYNLNYKYPEQNVTMPNNDKFDKLYIWGVHHPGTDKDQTNLYVQASGKVIVSTKRSQQTVIPNVGSRPWVRGVSSIISIYXTIVKPGDILLINSTGNLIAPRGYFKIQSGKSSIMRSDAHIDECNSECITPNGSISNGKPFQNVNKITYGACPRYVKQNTLKLATGMRNVPEKQTR
A02254975|2018-08-10|cluster_IVA	1.658032929	NYNNYK	QKLPESDNSMATLCLGHHAVPNGTLVKTITDDQIEVTNATELVQSFSTGRICNSPHRILDGKNCTLIDALLGDPHCDDFQNKEWDLFVERNTAYSKCYPYYVPDYATLRSLVASSGNLEFTQESFNWTGVAQDGSSYSCKRGSVNSFFSRLNWLYNLNYNYPEQNVTMPNNDKFDKLYIWGVHHPGTDKDQTNLYAQAPGRVIVSTKRSQQTVTPTIGSRPWVRGVSSIISIYWTIVKPGDMLLINSTGNLIAPRGYFKIRNGKSSIMRSDAHLDECNSECITPNGSISNDKPFQNVNKITYGACPXYVKQNTLKLATGMRNVPEKQTR
A02257337|2018-09-14|cluster_IVA	4.293579895	KYHEHN	QELPGNDNSMATLCLGHHAVPNGTFVKTITDDQIEVTNATELVQNSSTGRICNSPHQILDGGNCTLIDALLGDPHCDNLRDKEWDLFVERSTAYSNCYPYYVPDYATLRSLVASSGNLKFTQESFNWTGVDQDGSSYACRRGSVKSFFSRLNWLYHLEHKYPEQNVTMPNNDKFDKLYIWGVHHPGTENDQTYLYVQASGRVIVSTKRSQQTVIPNIGSRPWVRGVSSIISIHWTIVKPGDILLINSTGNLIAPRGYFKIQSGKSSIMRSDAHIDECYSECITPNGSISNDKPFQNVNKITYGACPRYVKQNTLKLATGMRNVPEKQNR
A02257962|2018-10-05|cluster_IVA	4.293579895	KYHEHN	QELPGNDNSMATLCLGHHAVPNGTFVKTITDDQIEVTNATELVQNSSTGRICNSPHQILDGGNCTLIDALLGDPHCDNLRDKEWDLFVERSTAYSNCYPYYVPDYATLRSLVASSGNLKFTQESFNWTGVDQDGSSYACRRGSVKSFFSRLNWLYHLEHKYPEQNVTMPNNDKFDKLYIWGVHHPGTENDQTYLYVQASGRVIVSTKRSQQTVIPNIGSRPWVRGVSSIISIHWTIVKPGDILLINSTGNLIAPRGYFKIQSGKSSIMRSDAHIDECYSECITPNGSISNDKPFQNVNKITYGACPRYVKQNTLKLATGMRNVPEKQNR
A02266068|2018-10-09|cluster_IVA	0.795005968	NYNNYK	QKLSGSDNSMATLCLGHHAVPNGTLVKTITDDQIEVTNATELVQSSSTGRICNSPHQILDGKNCTLIDALLGDPHCDDFQNKEWDLFVERSTAYSNCYPYYVPDYATLRSLVASSGNLKFTQESFNWTGVAQDGSSYACRRGSVNSFFSRLNWLYNLNYKYPEQNVTMPNNDKFDKLYIWGVHHPGTDKDQTNLYVQASGKVIVSTKRSQQTVVPNVGSRPWVRGVSSIISIYWTIVKPGDILLINSTGNLIAPRGYFKIQSGKSSIMRSDAHIDECNSECITPNGSIPNGKPFQNVNKITYGACPRYVKQNTLKLATGMRNVPEKQTR
A02270002|2018-11-19|cluster_IVA	4.036310487	KHKNYE	QRLPRSDNNMATLCLGHHAVPNGTLVKTITDDQIEVTNATELVQSSSTGRICNSPHQILDGKNCTLIDALLGDPHCDDFQNKEWDLFVERSTAXSSCYPYYVPDYATLRSLVASSGNLGFTQESFNWTGVAQDGSSFSCRRGSVKSFFSRLNWLHKLNYKYPEQNVTMPNNDKFDKLYIWGVHHPGTNEDQTNLYVHASGRVIVSTKRSQQTVIPNIGSRPWVRGVSSIISIYWTIVKPGDILLINSTGNLIAPRGYFKIQSGKSSIMRSDAHIDECNSECITPNGSISNDKPFQNVNKITYGACPRYVKQNTLKLATGMRNVPEKQTR
A02427656|2018-12-17|cluster_IVA	1.921172053	NYNNYK	KKFPGNDNNMATLCLGHHAVPNGTLVKTITDEQIEVTNATELVQSSSTXRICNSPYKILDGENCTLIDALLGDPNCDDFQNKEWDLFVERSTAYSSCYPYYVPEYATLRSLVASSGNLEFTQESFNWTGVAQDGSSYACRRGSVNSFFSRLNWLYNLNYKYPEQNVTMPNNDKFDKLYIWGVHHPGTDKDQNNLYVQAPGRVTVSTKRSQQTVIPNIGYRPWARGVSSIISIYWTIVKPGDILLINSTGNLIAPRGYFKIQSGKSSIMRSDAHIDECNSECITPNGSIPNDKPFQNVNKITYGACPRYVRQNTLKLATGMRNVPEKQTR
A02429953|2019-01-28|cluster_IVA	0.889015875	NYHNYK	QKLPGSDNSMATLCLGHHAVPNGTLVKTITDDQIEVTNATELVQSSSTGRICNSPHQILDGKNCTLIDALLGDPHCDDFQNKEWDLFVERSTAYSSCYPYYVPDYATLRSLVASSGNLKFTQEIFNWTGVTQDGSSYSCRRGSVNSFFSRLNWLYHLNYKYPEQNVTMPNNDKFDKLYIWGVHHPGTDKDQTNLYVQASGRVIVSTRRSQQTVIPNIGSRPWVRGVSSIISIYWTIVKPGDILLINSTGNLIAPRGYFKIQSGKSSIMRSDAHIDECNSECITPNGSISNDKPFQNVNKITYGACPRYVKQNTLKLATGMRNIPEKQTR
A02430272|2019-02-11|cluster_IVA	2.702707265	NYKDYN	QKLPGSDNNMATLCLGHHAVPNGTLVKTITDDQIEVTNATELVQSSSTGRICNSPHQILDGKNCTLIDALLGDPHCDDFQNKEWDLFVERSTAYSNCYPYYVPDYATLRSLVASSGNLEFTQESFNWTGVAQDGSSRACRRGSVNSFFSRLNWLYKLDYKYPEQNVTMPNNNKFDKLYIWGVHHPGTNNDQTNLYVQASGKVIVSTKRSQQTVIPNVGSRPWVRGVSSIISIYWTIVKPGDILVINSTGNLIAPRGYFKIQSGKSSIMRSDAHIDECNSECITPNGSISNGKPFQNVNKITYGACPRYVKQNTLKLATGMRNVPEKQTR
A02430278|2019-02-12|cluster_IVA	0.889015875	NYHNYK	QKLPGSDNSMATLCLGHHAVPNGTLVKTITDDQIEVTNATELVQSSSTGRICNSPHQILDGKNCTLIDALLGDPHCDDFQNKEWDLFVERSTAYSSCYPYYVPDYATLRSLVASSGNLKFTQEIFNWTGVTQDGSSYSCRRGSVNSFFSRLNWLYHLNYKYPEQNVTMPNNDKFDKLYIWGVHHPGTDKDQTNLYVQASGRVIVSTRRSQQTVIPNIGSRPWVRGVSSIISIYWTIVKPGDILLINSTGNLIAPRGYFKIQSGKSSIMRSDAHIDECNSECITPNGSISNDKPFQNVNKITYGACPRYVKQNTLKLATGMRNIPEKQTR
A02430692|2019-02-25|cluster_IVA	4.309335991	KYHEHN	QELPGNDNSMATLCLGHHAVPNGTFVKTITDDQIEVTNATELVQNSSTGRICNSPHQILDGGNCTLIDALLGDPHCDNLRDKEWDLFVERSTAYSNCYPYYVPDYATLRSLVASSGNLKFTQESFNWTGVDQDGSSYACRRGSVKSFFSRLNWLYHLEHKYPEQNVTMPNNDKFDKLYIWGVHHPGTENDQTYLYVQASGRVIVSTKRSQQTVIPNIGSRPWVRGVSSIISIHWTIVKPGDILLINSTGNLIAPRGYFKIQSGKSSIMRSDAHIDKCYSECITPNGSISNDKPFQNVNKITYGACPRYVKQNTLKLATGMRNVPEKQNR
A02431613|2019-03-25|cluster_IVA	0.902524298	NYHNYK	QKLPGSDNSMATLCLGHHAVPNGTLVKTITDDQIEVTNATELVQSSSTGRICNSPHQILDGKNCTLIDALLGDPHCDDFQNKEWDLFVERSTAYSSCYPYYVPDYATLRSLVASSGNLKFTQEIFNWTGVTQDGSSYSCRRGSVNSFFSRLNWLYHLNYKYPEQNVTMPNNDKFDKLYIWGVHHPGTDKDQTNLYVQASGRVIVSTRRSQQTVIPNIGSRPWVRGVSSIISIYWTIVKPGDILLIKSTGNLIAPRGYFKIQSGKSSIMRSDAHIDECNSECITPNGSISNDKPFQNVNKITYGACPRYVKQNTLKLATGMRNIPEKQTR
A02431880|2019-04-01|cluster_IVA	0.681930273	NYNNYK	QKLSGSDNSMATLCLGHHAVPNGTLVKTITDDQIEVTNATELVQSSSTGRICNSPHQILDGKNCTLIDALLGDPHCDDFQNKEWDLFVERSTAYSDCYPYYVPDYATLRSLVASSGNLKFTQESFNWTGVAQDGSSYACRRGSVNSFFSRLNWLYNLNYKYPEQNVTMPNNDKFDKLYIWGVHHPGTDKDQTNLYVQASGKVIVSTKRSQQTVIPNVGSRPWARGVSSIISIYWTIVKPGDILLINSTGNLIAPRGYFKIQSGKSSIMRSDAHIDECNSECITPNGSISNGKPFQNVNKITYGACPRYVKQNTLKLATGMRNVPEKQTR
A02431948|2019-04-05|cluster_IVA	0.815351747	NYHNYK	QKLPGSDNSMATLCLGHHAVPNGTLVKTITDDQIEVTNATELVQSSSTGRICNSPHQILDGKNCTLIDALLGDPHCDDFQNKEWDLFVERSTAYSSCYPYYVPDYTTLRSLVASSGNLKFTQEIFNWTGVAQDGSSYSCRRGSVNSFFSRLNWLYHLNYKYPEQNVTMPNNDKFDKLYIWGVHHPGTDKDQTNLYVQASGRVIVSTRRSQQTVIPNIGSRPWVRGVSSIISIYWTIVKPGDILLINSTGNLIAPRGYFKIQSGKSSIMRSDANIDECNSECITPNGSISNDKPFQNVNKITYGACPRYVKQNTLKLATGMRNVPEKQTR
A02431991|2019-04-08|cluster_IVA	2.702707265	NYKDYN	QKLPGSDNNMATLCLGHHAVPNGTLVKTITDDQIEVTNATELVQSSSTGRICNSPHQILDGKNCTLIDALLGDPHCDDFQNKEWDLFVERSTAYSNCYPYYVPDYATLRSLVASSGNLEFTQESFNWTGVAQDGSSRACRRGSVNSFFSRLNWLYKLDYKYPEQNVTMPNNNKFDKLYIWGVHHPGTNNDQTNLYVQASGKVIVSTKRSQQTVIPNVGSRPWVRGVSSIISIYWTIVKPGDILVINSTGNLIAPRGYFKIQSGKSSIMRSDAHIDECNSECITPNGSISNGKPFQNVNKITYGACPRYVKQNTLKLATGMRNVPEKQTR
A02432059|2019-04-10|cluster_IVA	0.269405824	NYNNYK	QKLSGSDNSMATLCLGHHAVPNGTLVKTITDDQIEVTNATELVQSSSTGRICNSPHQILDGKNCTLIDALLGDPHCDDFQNKEWDLFVERSTAYSDCYPYYVPDYATLRSLVASSGNLKFTQESFNWTGVAQDGSSYACRRGSVNSFFSRLNWLYNLNYKYPEQNVTMPNNDKFDKLYIWGVHHPGTDKDQTNLYVQASGKVIVSTKRSQQTVIPNVGSRPWVRGVSSIISIYWTIVKPGDILLINSTGNLIAPRGYFKIQSGKSSIMRSDAHIDECNSECITPNGSISNGKPFQNVNKITYGACPRYVKQNTLKLATGMRNVPEKQTR
A02432156|2019-04-15|cluster_IVA	4.259033378	KYHEHN	QELPGNDNSMATLCLGHHAVPNGTFVKTITDDQIEVTNATELVQNSSTGRICNSPHQILDGGNCTLIDALLGDPHCDNLRDKEWDLFVERSTAYSNCYPYYVPDYATLRSLVASSGNLKFTQESFNWTGVDQDGSSYACRRGSVKSFFSRLNWLYHLEHKYPEQNVTMPNNDKFDKLYIWGVHHPGTENDQTYLYVQASGRVIVSTKRSQQTVIPNIGSRPWVRGVSSIISIHWTIVKPGDILLINSTGNLIAPRGYFKIQSGKSSIMRSDAHIEECYSECITPNGSISNDKPFQNVNKITYGACPRYVKQNTLKLATGMRNVPEKQNR
A02478449|2019-04-29|cluster_IVA	0.889015875	NYHNYK	QKLPGSDNSMATLCLGHHAVPNGTLVKTITDDQIEVTNATELVQSSSTGRICNSPHQILDGKNCTLIDALLGDPHCDDFQNKEWDLFVERSTAYSSCYPYYVPDYATLRSLVASSGNLKFTQEIFNWTGVTQDGSSYSCRRGSVNSFFSRLNWLYHLNYKYPEQNVTMPNNDKFDKLYIWGVHHPGTDKDQTNLYVQASGRVIVSTRRSQQTVIPNIGSRPWVRGVSSIISIYWTIVKPGDILLINSTGNLIAPRGYFKIQSGKSSIMRSDAHIDECNSECITPNGSISNDKPFQNVNKITYGACPRYVKQNTLKLATGMRNIPEKQTR
A02478455|2019-05-06|cluster_IVA	0.889015875	NYHNYK	QKLPGSDNSMATLCLGHHAVPNGTLVKTITDDQIEVTNATELVQSSSTGRICNSPHQILDGKNCTLIDALLGDPHCDDFQNKEWDLFVERSTAYSSCYPYYVPDYATLRSLVASSGNLKFTQEIFNWTGVTQDGSSYSCRRGSVNSFFSRLNWLYHLNYKYPEQNVTMPNNDKFDKLYIWGVHHPGTDKDQTNLYVQASGRVIVSTRRSQQTVIPNIGSRPWVRGVSSIISIYWTIVKPGDILLINSTGNLIAPRGYFKIQSGKSSIMRSDAHIDECNSECITPNGSISNDKPFQNVNKITYGACPRYVKQNTLKLATGMRNIPEKQTR
A02478493|2019-05-20|cluster_IVA	0.909426817	NYHNYK	QKLPGSDNSMATLCLGHHAVPNGTLVKTITDDQIEVTNATELVQSSSTGRICNSPHQILDGKNCTLIDALLGDPHCDDFQNKEWDLFVERSTAYSSCYPYYVPDYATLRSLVASSGNLKFNQEIFNWTGVTQDGSSYSCRRGSVNSFFSRLNWLYHLNYKYPEQNVTMPNNDKFDKLYIWGVHHPGTDKDQTNLYVQASGRVIVSTRRSQQTVIPNIGSRPWVRGVSSIISIYWTIVKPGDILLINSTGNLIAPRGYFKIQSGKSSIMRSDAHIDECNSECITPNGSISNDKPFQNVNKITYGACPRYVKQNTLKLATGMRNIPEKQTR
A02478494|2019-05-20|cluster_IVA	0.889015875	NYHNYK	QKLPGSDNSMATLCLGHHAVPNGTLVKTITDDQIEVTNATELVQSSSTGRICNSPHQILDGKNCTLIDALLGDPHCDDFQNKEWDLFVERSTAYSSCYPYYVPDYATLRSLVASSGNLKFTQEIFNWTGVTQDGSSYSCRRGSVNSFFSRLNWLYHLNYKYPEQNVTMPNNDKFDKLYIWGVHHPGTDKDQTNLYVQASGRVIVSTRRSQQTVIPNIGSRPWVRGVSSIISIYWTIVKPGDILLINSTGNLIAPRGYFKIQSGKSSIMRSDAHIDECNSECITPNGSISNDKPFQNVNKITYGACPRYVKQNTLKLATGMRNIPEKQTR
A02478510|2019-05-30|cluster_IVA	0.909426817	NYHNYK	QKLPGSDNSMATLCLGHHAVPNGTLVKTITDDQIEVTNATELVQSSSTGRICNSPHQILDGKNCTLIDALLGDPHCDDFQNKEWDLFVERSTAYSSCYPYYVPDYATLRSLVASSGNLKFNQEIFNWTGVTQDGSSYSCRRGSVNSFFSRLNWLYHLNYKYPEQNVTMPNNDKFDKLYIWGVHHPGTDKDQTNLYVQASGRVIVSTRRSQQTVIPNIGSRPWVRGVSSIISIYWTIVKPGDILLINSTGNLIAPRGYFKIQSGKSSIMRSDAHIDECNSECITPNGSISNDKPFQNVNKITYGACPRYVKQNTLKLATGMRNIPEKQTR
A02478516|2019-05-30|cluster_IVA	0.763705919	NYHNYK	QKLPGSDNSMATLCLGHHAVPNGTLVKTITDDQIEVTNATELVQSSSTGRICNSPHQILDGKNCTLIDALLGDPHCDDFQNKEWDLFVERSTAYSSCYPYYVPDYATLRSLVASSGNLKFTQEIFNWTGVAQDGSSYSCRKGSVNSFFSRLNWLYHLNYKYPEQNVTMPNNDKFDKLYIWGVHHPGTDKDQTNLYVQASGRVIVSTRRSQQTVIPNIGSRPWVRGVSSIISIYWTIVKPGDILLINSTGNLIAPRGYFKIQSGKSSIMRSDAHIDECNSECITPNGSISNDKPFQNVNKITYGACPRYVKQNTLKLATGMRNIPEKQTR
A02478536|2019-06-10|cluster_IVA	1.414366562	NYHNYK	QKLPGSDNSMATLCLGHHAVPNGTLVKTITDDQIEVTNATELVQSSSTGRICNSPHQILDGKNCTLIDALLGDPHCDDFQNKEWDLFVERSTAYSSCYPYYVPDYATLRSLVASSGNLKFTQEIFNWTGVTQDGSSYSCRRGSVNSFFSRLNWLYHLNYKYPEQNVIMPNNDKFDKLYIWGVHHPGTDKDQTNLYVQASGRVVVSTRRSQQTVIPNIGSRPWVRGVSSIISIYWTIVKPGDILLINSTGNLIAPRGYFKIQSGKSSIMRSDAHIDECNSECITPNGSISNDKPFQNVNKITYGACPRYVKQNTLKLATGMRNIPEKQTR
A02478542|2019-06-17|cluster_IVA	0.889015875	NYHNYK	QKLPGSDNSMATLCLGHHAVPNGTLVKTITDDQIEVTNATELVQSSSTGRICNSPHQILDGKNCTLIDALLGDPHCDDFQNKEWDLFVERSTAYSSCYPYYVPDYATLRSLVASSGNLKFTQEIFNWTGVTQDGSSYSCRRGSVNSFFSRLNWLYHLNYKYPEQNVTMPNNDKFDKLYIWGVHHPGTDKDQTNLYVQASGRVIVSTRRSQQTVIPNIGSRPWVRGVSSIISIYWTIVKPGDILLINSTGNLIAPRGYFKIQSGKSSIMRSDAHIDECNSECITPNGSISNDKPFQNVNKITYGACPRYVKQNTLKLATGMRNIPEKQTR
A02478553|2019-06-24|cluster_IVA	0.780957236	NYHNYK	QKLPGSDNSMATLCLGHHAVPNGTLVKTITDDQIEVTNATELVQSSSTGRICNSPHQILDGKNCTLIDALLGDPHCDDFQNKEWDLFVERSTAYSSCYPYYVPDYTTLRSLVASSGNLKFTQEIFNWTGVAQDGSSYSCRKGSVNSFFSRLNWLYHLNYKYPEQNVTMPNNDKFDKLYIWGVHHPGTDKDQTNLYVQASGRVIVSTRRSQQTVIPNIGSRPWVRGVSSIISIYWTIVKPGDILLINSTGNLIAPRGYFKIQSGKSSIMRSDAHIDECNSECITPNGSISNDKPFQNVNKITYGACPRYVKQNTLKLATGMRNIPEKQTR
A02478554|2019-06-24|cluster_IVA	0.909426817	NYHNYK	QKLPGSDNSMATLCLGHHAVPNGTLVKTITDDQIEVTNATELVQSSSTGRICNSPHQILDGKNCTLIDALLGDPHCDDFQNKEWDLFVERSTAYSSCYPYYVPDYATLRSLVASSGNLKFNQEIFNWTGVTQDGSSYSCRRGSVNSFFSRLNWLYHLNYKYPEQNVTMPNNDKFDKLYIWGVHHPGTDKDQTNLYVQASGRVIVSTRRSQQTVIPNIGSRPWVRGVSSIISIYWTIVKPGDILLINSTGNLIAPRGYFKIQSGKSSIMRSDAHIDECNSECITPNGSISNDKPFQNVNKITYGACPRYVKQNTLKLATGMRNIPEKQTR
A02478564|2019-07-01|cluster_IVA	0.909426817	NYHNYK	QKLPGSDNSMATLCLGHHAVPNGTLVKTITDDQIEVTNATELVQSSSTGRICNSPHQILDGKNCTLIDALLGDPHCDDFQNKEWDLFVERSTAYSSCYPYYVPDYATLRSLVASSGNLKFNQEIFNWTGVTQDGSSYSCRRGSVNSFFSRLNWLYHLNYKYPEQNVTMPNNDKFDKLYIWGVHHPGTDKDQTNLYVQASGRVIVSTRRSQQTVIPNIGSRPWVRGVSSIISIYWTIVKPGDILLINSTGNLIAPRGYFKIQSGKSSIMRSDAHIDECNSECITPNGSISNDKPFQNVNKITYGACPRYVKQNTLKLATGMRNIPEKQTR
A02478578|2019-07-10|cluster_IVA	0.780957236	NYHNYK	QKLPGSDNSMATLCLGHHAVPNGTLVKTITDDQIEVTNATELVQSSSTGRICNSPHQILDGKNCTLIDALLGDPHCDDFQNKEWDLFVERSTAYSSCYPYYVPDYATLRSLVASSGNLKFTQEIFNWTGIAQDGSSYSCRKGSVNSFFSRLNWLYHLNYKYPEQNVTMPNNDKFDKLYIWGVHHPGTDKDQTNLYVQASGRVIVSTRRSQQTVIPNIGSRPWVRGVSSIISIYWTIVKPGDILLINSTGNLIAPRGYFKIQSGKSSIMRSDAHIDECNSECITPNGSISNDKPFQNVNKITYGACPRYVKQNTLKLATGMRNIPEKQTR
A02478600|2019-07-29|cluster_IVA	0.909426817	NYHNYK	QKLPGSDNSMATLCLGHHAVPNGTLVKTITDDQIEVTNATELVQSSSTGRICNSPHQILDGKNCTLIDALLGDPHCDDFQNKEWDLFVERSTAYSSCYPYYVPDYATLRSLVASSGNLKFNQEIFNWTGVTQDGSSYSCRRGSVNSFFSRLNWLYHLNYKYPEQNVTMPNNDKFDKLYIWGVHHPGTDKDQTNLYVQASGRVIVSTRRSQQTVIPNIGSRPWVRGVSSIISIYWTIVKPGDILLINSTGNLIAPRGYFKIQSGKSSIMRSDAHIDECNSECITPNGSISNDKPFQNVNKITYGACPRYVKQNTLKLATGMRNIPEKQTR
A02478604|2019-08-05|cluster_IVA	0.902524298	NYHNYK	QKLPGSDNSMATLCLGHHAVPNGTLVKTITDDQIEVTNATELVQSSSTGRICNSPHQILDGKNCXLIDALLGDPHCDDFQNKEWDLFVERSTAYSSCYPYYVPDYATLRSLVASSGNLKFTQEIFNWTGVTQDGSSYSCRRGSVNSFFSRLNWLYHLNYKYPEQNVTMPNNDKFDKLYIWGVHHPGTDKDQTNLYVQASGRVIVSTRRSQQTVIPNIGSRPWVRGVSSIISIYWTIVKPGDILLINSTGNLIAPRGYFKIQSGKSSIMRSDAHIDECNSECITPNGSISNDKPFQNVNKITYGACPRYVKQNTLKLATGMRNIPEKQTR
A02478605|2019-08-06|cluster_IVA	0.772951315	NYHNYK	QKLPGSDNSMATLCLGHHAVPNGTLVKTITDDQIEVTNATELVQISSTGRICNSPHQILDGKNCTLIDALLGDPHCDDFQNKEWDLFVERSTAYSSCYPYYVPDYATLRSLVASSGNLKFTQEIFNWTGVAQDGSSYSCRRGSVNSFFSRLNWLYHLNYKYPEQNVTMPNNDKFDKLYIWGVHHPGTDKDQTNLYVQASGRVIVSTRRSQQTVIPNIGSRPWVRGVSSIISIYWTIVKPGDILLINSTGNLIAPRGYFKIQSGKSSIMRSDAHIDECNSECITPNGSISNDKPFQNVNKITYGACPRYVKQNTLKLATGMRNIPEKQTR
A02478607|2019-08-12|cluster_IVA	2.096929546	NHKNYK	QRLPGSDNSMATLCLGHHAVPNGTLVKTITDDQIEVTNATELVQSSSTGRICNSPHQILDGKNCTLIDALLGDPHCDDFQNKEWDLFVERSTAYSSCYPYYVPDYATLRSIVASSGNLEFTQESFNWTGVAQDGSSFSCRRGSDNSFFSRLNWLHKLNYKYPEQNVTMPNNDKFDKLYIWGVHHPGTDKDQTNLYVHESGRVIVSTKRSQQTVIPNIGSRPWVRGVSSIISIYWTIVKPGDTLVINSTGNLIAPRGYFKIQSGKSSIMRSDAHIDECNSECITPNGSISNDKPFQNVNKITYGACPRYVKQNTLKLATGMRNVPEKQTR
A/swine/Indiana/A00968373/2012|cluster_IVA	0	NYNNYK	QKLPGSDNSMATLCLGHHAVPNGTLVKTITDDQIEVTNATELVQSSSTGRICNSPHQILDGKNCTLIDALLGDPHCDDFQNKEWDLFVERSTAYSNCYPYYVPDYATLRSLVASSGNLEFTQESFNWTGVAQDGSSYACRRGSVNSFFSRLNWLYNLNYKYPEQNVTMPNNDKFDKLYIWGVHHPGTDKDQTNLYVQASGRVIVSTKRSQQTVIPNIGSRPWVRGVSSIISIYWTIVKPGDILLINSTGNLIAPRGYFKIQSGKSSIMRSDAHIDECNSECITPNGSISNDKPFQNVNKITYGACPRYVKQNTLKLATGMRNVPEKQTR